datetime,lat,lon,p,t,s,o2_t,fchl,fdom,par,tilt,tilt_std,o2_c,bbp,chla_adj,sigma,poc,cphyto
2016-07-05 14:45:14,48.7381,-37.5372,0.3,14.662,35.045,-0.00366103870397,0.247338,2.324664,1617.66035224,11.0,nan,12.897521766,0.00177695642901,0.51344375,26.0845041015,48.5433506284,29.9939793677
2016-07-05 14:45:14,48.7381,-37.5372,2.0,14.637,35.052,-0.00366103870385,0.270894,2.444184,1199.17154371,9.0,nan,12.9099291982,0.00158068282234,0.51344375,26.095372689,41.5909469328,26.7461647411
2016-07-05 14:45:14,48.7381,-37.5372,3.9,14.626,35.055,-0.00366103870453,0.284635,2.378448,896.268245818,6.7,nan,12.9090524531,0.00147938377034,0.51344375,26.1001306675,38.002731913,25.0699304866
2016-07-05 14:45:14,48.7381,-37.5372,6.0,14.632,35.054,-0.00366103870373,0.357266,2.444184,722.138308375,5.8,nan,12.9033730384,0.00162709285475,0.51344375,26.0981332871,43.2348831009,27.5141293423
2016-07-05 14:45:14,48.7381,-37.5372,8.0,14.635,35.054,-0.00366103870366,0.363155,2.396376,576.542977381,4.2,nan,12.9043193797,0.00167984606846,0.51344375,26.0975525941,45.1035074369,28.3870569967
2016-07-05 14:45:14,48.7381,-37.5372,10.1,14.631,35.054,-0.00366103870505,0.420082,2.408328,466.448497359,4.5,2.38,12.90055208,0.00143508122752,0.51344375,26.098488641,36.4334472413,24.3368393238
2016-07-05 14:45:14,48.7381,-37.5372,12.0,14.62,35.054,-0.00366103870708,0.498602,2.414304,387.43508679,3.6,2.12,12.8953853433,0.00196046172643,0.51344375,26.1009203238,55.0434752734,33.0305118853
2016-07-05 14:45:14,48.7381,-37.5372,14.0,14.617,35.055,-0.00366103870825,0.557492,2.408328,315.734846051,3.2,1.77,12.8882089643,0.00139497435462,0.51344375,26.1023964916,35.0127815895,23.6731755198
2016-07-05 14:45:14,48.7381,-37.5372,16.1,14.603,35.055,-0.00366103871143,0.700791,2.456136,258.944970535,3.2,1.48,12.8764929858,0.00146881034705,0.51344375,26.1054801572,37.6282001134,24.8949679974
2016-07-05 14:45:14,48.7381,-37.5372,18.0,14.578,35.057,-0.00366103871624,0.796978,2.468088,214.871001405,2.4,1.31,12.8658558051,0.00162070031177,0.51344375,26.1124729054,43.0084464434,27.4083494825
2016-07-05 14:45:14,48.7381,-37.5372,20.4,14.544,35.059,-0.00366103872525,0.851942,2.48004,171.984313814,2.5,1.11,12.8283076105,0.00175148094441,0.51344375,26.1214216925,47.6409580129,29.572426756
2016-07-05 14:45:14,48.7381,-37.5372,21.7,14.444,35.068,-0.00366103874762,1.199393,2.515896,149.86938826,2.4,0.89,12.7061077674,0.00175135544898,0.51344375,26.1499273896,47.6365127138,29.570350135
2016-07-05 14:45:14,48.7381,-37.5372,24.0,14.097,35.097,-0.00366103881052,1.191541,2.617488,120.800719994,2.3,0.84,12.437510862,0.00184797866807,0.51344375,26.246306664,51.0591003803,31.1692115893
2016-07-05 14:45:14,48.7381,-37.5372,26.0,13.807,35.112,-0.00366103885454,1.456546,2.617488,98.8381602838,1.9,0.88,12.2827224196,0.00186239811745,0.51344375,26.3188757791,51.5698661162,31.4078157471
2016-07-05 14:45:14,48.7381,-37.5372,28.0,13.495,35.124,-0.00366103890863,1.234727,2.623464,84.1954119926,2.0,0.57,12.1165867812,0.00133452091842,0.51344375,26.3928686802,32.8713999722,22.6728293313
2016-07-05 14:45:14,48.7381,-37.5372,30.0,13.08,35.155,-0.00366103896811,1.185652,2.635416,70.6020346169,2.4,0.65,11.9765802113,0.00129598887173,0.502867241379,26.5014857404,31.5065178145,22.0352247805
2016-07-05 14:45:14,48.7381,-37.5372,32.0,12.754,35.167,-0.00366103902017,0.877461,2.623464,59.2308544738,2.1,0.81,11.8650128239,0.00121328488233,0.370026293103,26.5761102312,28.5769771019,20.6666901567
2016-07-05 14:45:14,48.7381,-37.5372,34.0,12.562,35.164,-0.00366103904828,0.749866,2.62944,50.6753169917,2.1,0.57,11.8126038925,0.00101683149265,0.315028448276,26.6118087762,21.6182051328,17.4159005918
2016-07-05 14:45:14,48.7381,-37.5372,36.0,12.5,35.171,-0.0036610390575,0.708643,2.62944,44.0884243506,2.0,0.4,11.7967549351,0.00110324876513,0.297259913793,26.6294870573,24.6792777585,18.8458803344
2016-07-05 14:45:14,48.7381,-37.5372,38.0,12.447,35.2,-0.00366103906732,0.624234,2.587608,38.2371852589,2.1,0.34,11.7770714927,0.000877339533415,0.260876724138,26.6624343542,16.6771209526,15.107673657
2016-07-05 14:45:14,48.7381,-37.5372,40.0,12.44,35.238,-0.00366103907094,0.535899,2.5398,33.4314102661,2.0,0.31,11.744638219,0.000946864312892,0.222801293103,26.6933513001,19.1398276912,16.2581268408
2016-07-05 14:45:14,48.7381,-37.5372,42.0,12.365,35.226,-0.00366103908539,0.606567,2.56968,29.72735753,1.9,0.21,11.6847974065,0.000868732751672,0.253261637931,26.6987647033,16.3722515297,14.9652539394
2016-07-05 14:45:14,48.7381,-37.5372,44.0,12.235,35.203,-0.00366103910699,0.457379,2.593584,26.0186166141,1.9,0.17,11.6158103874,0.000904501019715,0.188956465517,26.7062461728,17.6392351203,15.5571251853
2016-07-05 14:45:14,48.7381,-37.5372,46.0,12.135,35.186,-0.00366103912519,0.45149,2.617488,22.7779123165,2.0,0.21,11.543698411,0.000857999738639,0.186418103448,26.7124343305,15.9920667421,14.7876506574
2016-07-05 14:45:14,48.7381,-37.5372,48.0,11.804,35.144,-0.00366103917914,0.310154,2.617488,19.9169505839,2.0,0.18,11.4340821646,0.000872458275008,0.125497413793,26.7430850144,16.5042170173,15.0269016025
2016-07-05 14:45:14,48.7381,-37.5372,50.0,11.652,35.132,-0.00366103919925,0.318006,2.653344,17.2286701412,2.1,0.19,11.3816097874,0.000794222905391,0.128881896552,26.7624819298,13.7329637548,13.7323109437
2016-07-05 14:45:14,48.7381,-37.5372,52.0,11.527,35.131,-0.0036610392181,0.323895,2.623464,15.3049536902,2.0,0.12,11.3292492715,0.000863692922609,0.131420258621,26.7851541577,16.1937307046,14.8818579554
2016-07-05 14:45:14,48.7381,-37.5372,54.0,11.438,35.141,-0.00366103923215,0.308191,2.623464,13.4359326703,1.9,0.09,11.2946836411,0.000732729979575,0.124651293103,26.8095501367,11.5547613365,12.714763922
2016-07-05 14:45:14,48.7381,-37.5372,56.0,11.423,35.151,-0.00366103923199,0.349414,2.59956,11.7278724907,2.0,0.12,11.2755135289,0.000766444615526,0.142419827586,26.82017121,12.7490011712,13.2726529303
2016-07-05 14:45:14,48.7381,-37.5372,58.0,11.552,35.208,-0.00366103921316,0.31408,2.56968,10.3245439992,2.0,0.05,11.2678569889,0.000793897700791,0.127189655172,26.8405409574,13.7214443574,13.7269296585
2016-07-05 14:45:14,48.7381,-37.5372,60.0,11.665,35.25,-0.00366103919926,0.290524,2.491992,9.04115477467,2.0,0.09,11.2522697395,0.000736966958726,0.117036206897,26.8520690641,11.704843612,12.7848748406
2016-07-05 14:45:14,48.7381,-37.5372,62.0,11.707,35.265,-0.00366103919604,0.268931,2.497968,8.06132519317,2.0,0.09,11.2121040231,0.000682122748381,0.10772887931,26.8558811818,9.76215199315,11.8773466632
2016-07-05 14:45:14,48.7381,-37.5372,64.0,11.672,35.275,-0.00366103920778,0.243412,2.497968,7.22604782267,2.0,0.06,11.1494338045,0.000614531596433,0.0967293103448,26.8703078661,7.36793820885,10.7588899555
2016-07-05 14:45:14,48.7381,-37.5372,66.0,11.385,35.237,-0.00366103925184,0.200226,2.50992,6.43843361362,1.9,0.08,11.0512241031,0.000932863989687,0.0781146551724,26.8944105084,18.6439082427,16.0264581246
2016-07-05 14:45:14,48.7381,-37.5372,68.0,11.186,35.206,-0.00366103928331,0.184522,2.5398,5.74809913576,1.9,0.07,10.9646153516,0.000607737255652,0.0713456896552,26.9070127851,7.1272690697,10.6464613934
2016-07-05 14:45:14,48.7381,-37.5372,70.0,10.977,35.178,-0.00366103931923,0.15704,2.575656,5.16207665879,2.0,0.08,10.8520406911,0.000632846639142,0.0595,26.9233401624,8.01669365167,11.0619559897
2016-07-05 14:45:14,48.7381,-37.5372,72.0,10.783,35.166,-0.00366103935112,0.131521,2.563704,4.63153097631,2.0,0.07,10.7654310295,0.00058408113908,0.0485004310345,26.9489855083,6.2893221085,10.2550145621
2016-07-05 14:45:14,48.7381,-37.5372,74.0,10.597,35.142,-0.00366103937887,0.113854,2.56968,4.17287071766,1.9,0.06,10.6927230505,0.000562784312346,0.0408853448276,26.9634687568,5.53494591192,9.90260780429
2016-07-05 14:45:14,48.7381,-37.5372,76.0,10.504,35.128,-0.00366103939408,0.111891,2.587608,3.77671952323,2.0,0.09,10.6261752054,0.000518379743715,0.0400392241379,26.9690397792,3.96204728186,9.16782838114
2016-07-05 14:45:14,48.7381,-37.5372,78.0,10.24,35.096,-0.00366103943526,0.096187,2.605536,3.41807376733,2.0,0.09,10.5271444546,0.000494877115307,0.0332702586207,26.9902811824,3.12953717839,8.77892137728
2016-07-05 14:45:14,48.7381,-37.5372,80.0,10.083,35.074,-0.00366103946085,0.090298,2.623464,3.12193707564,1.9,0.09,10.4553523017,0.000465167599967,0.0307318965517,27.0002610288,2.07716672602,8.28730663545
2016-07-05 14:45:14,48.7381,-37.5372,82.0,9.92,35.058,-0.00366103948768,0.074594,2.623464,2.84611582981,1.9,0.06,10.3772939818,0.000471301446116,0.0239629310345,27.0156792369,2.29443982433,8.38880573959
2016-07-05 14:45:14,48.7381,-37.5372,84.0,9.854,35.053,-0.00366103949768,0.082446,2.635416,2.59334480141,1.9,0.09,10.3197551237,0.000443787341669,0.0273474137931,27.0230255096,1.31983521661,7.93351930359
2016-07-05 14:45:14,48.7381,-37.5372,86.0,9.78,35.043,-0.00366103951206,0.064779,2.62944,2.37417239502,2.0,0.09,10.2555360977,0.000443704077243,0.0197323275862,27.0277675434,1.31688582411,7.93214149521
2016-07-05 14:45:14,48.7381,-37.5372,88.0,9.629,35.029,-0.00366103953413,0.07852,2.641392,2.1448422657,2.0,0.07,10.2099356976,0.000441405824431,0.0256551724138,27.042213179,1.23547711301,7.89411142472
2016-07-05 14:45:14,48.7381,-37.5372,90.0,9.584,35.022,-0.00366103954196,0.07852,2.641392,1.95223621161,2.0,0.03,10.1667850034,0.000491996832976,0.0256551724138,27.0442937934,3.02751181766,8.73126024116
2016-07-05 14:45:14,48.7381,-37.5372,92.0,9.512,35.012,-0.00366103955511,0.090298,2.641392,1.78111764833,1.9,0.07,10.08985926,0.000460264551786,0.0307318965517,27.0484850466,1.90349095337,8.20617401724
2016-07-05 14:45:14,48.7381,-37.5372,94.0,9.397,35.004,-0.00366103957463,0.170781,2.641392,1.61820339973,1.9,0.06,10.0019161885,0.00117329368447,0.0654228448276,27.0612674158,27.1604088913,20.0049404719
2016-07-05 14:45:14,48.7381,-37.5372,96.0,9.317,35.001,-0.00366103958532,0.062816,2.617488,1.46388414747,1.9,0.05,9.93439855518,0.000415687248343,0.0188862068966,27.0720967057,0.324473710807,7.46853628493
2016-07-05 14:45:14,48.7381,-37.5372,98.0,9.284,35.004,-0.00366103959185,0.070668,2.623464,1.3255828429,1.9,0.05,9.85541597957,0.00124908159221,0.0222706896552,27.0798868808,29.8449681593,21.2590320406
2016-07-05 14:45:14,48.7381,-37.5372,100.0,9.244,35.007,-0.00366103959967,0.064779,2.635416,1.20994107411,1.9,0.07,9.77776128155,0.00043876983905,0.0197323275862,27.0888066855,1.14210523882,7.85049276389
2016-07-05 14:45:14,48.7381,-37.5372,102.0,9.185,35.005,-0.00366103960904,0.072631,2.62944,1.11187997963,2.0,0.06,9.70723392785,0.000409144230848,0.0231168103448,27.09688024,0.0927069451072,7.36026646566
2016-07-05 14:45:14,48.7381,-37.5372,104.0,9.115,35.001,-0.00366103961959,0.070668,2.623464,1.01030275029,2.0,0.05,9.6442408487,0.000387946508554,0.0222706896552,27.105126193,-0.65815877401,7.00949962703
2016-07-05 14:45:14,48.7381,-37.5372,106.0,9.059,34.995,-0.00366103963002,0.062816,2.62944,0.921227333794,1.9,0.06,9.57890702557,0.000537685845006,0.0188862068966,27.1095006682,4.64590800181,9.48729384173
2016-07-05 14:45:14,48.7381,-37.5372,108.0,8.985,34.99,-0.00366103964113,0.056927,2.617488,0.84856054665,1.9,0.06,9.52474829073,0.000400433241173,0.0163478448276,27.1175082125,-0.215853731161,7.21612237946
2016-07-05 14:45:14,48.7381,-37.5372,110.0,8.952,34.986,-0.00366103964715,0.072631,2.62944,0.783316710881,1.9,0.05,9.47618823281,0.000413052187547,0.0231168103448,27.1196957231,0.231134587298,7.42493292358
2016-07-05 14:45:14,48.7381,-37.5372,112.0,8.883,34.978,-0.0036610396589,0.064779,2.647368,0.723151736579,1.9,0.06,9.42366933845,0.000400304921471,0.0197323275862,27.1244711807,-0.22039907166,7.21399902414
2016-07-05 14:45:14,48.7381,-37.5372,114.0,8.807,34.97,-0.00366103967076,0.056927,2.623464,0.657126537507,2.0,0.11,9.37760394236,0.000398096161595,0.0163478448276,27.1303015047,-0.29863776397,7.17744982758
2016-07-05 14:45:14,48.7381,-37.5372,116.0,8.723,34.964,-0.00366103968384,0.049075,2.641392,0.611026102652,2.0,0.09,9.33875882451,0.000469719097523,0.012963362069,27.138894066,2.23838987246,8.3626220107
2016-07-05 14:45:14,48.7381,-37.5372,118.0,8.696,34.962,-0.00366103968733,0.060853,2.653344,0.564925667797,2.0,0.1,9.30988179042,0.000425371290806,0.0180400862069,27.1416100017,0.667501862912,7.6287818487
2016-07-05 14:45:14,48.7381,-37.5372,120.0,8.712,34.967,-0.00366103968588,0.05889,2.647368,0.519606596245,2.0,0.13,9.27745682851,0.000404283520294,0.0171939655172,27.1430535214,-0.0794691441585,7.27983442438
2016-07-05 14:45:14,48.7381,-37.5372,122.0,8.686,34.969,-0.00366103969095,0.064779,2.665296,0.468817981575,2.0,0.09,9.26285732743,0.000412676919985,0.0197323275862,27.1487443732,0.217841859695,7.41872322734
2016-07-05 14:45:14,48.7381,-37.5372,124.0,8.659,34.966,-0.00366103969527,0.068705,2.641392,0.439907539377,2.0,0.08,9.25822827634,0.000402091745379,0.0214245689655,27.1506655497,-0.157106195193,7.24356628447
2016-07-05 14:45:14,48.7381,-37.5372,126.0,8.615,34.962,-0.00366103970279,0.064779,2.635416,0.400839374246,2.0,0.05,9.24782295653,0.000410472009869,0.0197323275862,27.1544510591,0.139739533581,7.38223773423
2016-07-05 14:45:14,48.7381,-37.5372,128.0,8.57,34.957,-0.00366103971047,0.053001,2.641392,0.3723196137,2.0,0.04,9.22446172125,0.000397753040483,0.0146556034483,27.1575873187,-0.310791800011,7.17177207097
2016-07-05 14:45:14,48.7381,-37.5372,130.0,8.533,34.953,-0.00366103971644,0.051038,2.641392,0.347315988016,1.9,0.05,9.19026777631,0.000399814149946,0.0138094827586,27.160242971,-0.237783180607,7.20587803955
2016-07-05 14:45:14,48.7381,-37.5372,132.0,8.446,34.945,-0.0036610397308,0.054964,2.653344,0.318014864168,2.0,0.06,9.1461254968,0.000408134955818,0.0155017241379,27.1674763084,0.0569564049807,7.34356560475
2016-07-05 14:45:14,48.7381,-37.5372,134.0,8.362,34.937,-0.0036610397437,0.053001,2.641392,0.291448511879,2.0,0.05,9.10387819822,0.000408019845805,0.0146556034483,27.1741651669,0.0528789780876,7.34166083522
2016-07-05 14:45:14,48.7381,-37.5372,136.0,8.327,34.936,-0.00366103974784,0.049075,2.65932,0.268398294451,1.9,0.05,9.06795451193,0.000424845568019,0.012963362069,27.1787819284,0.648879710373,7.62008251218
2016-07-05 14:45:14,48.7381,-37.5372,138.0,8.307,34.94,-0.00366103975089,0.051038,2.647368,0.246520121978,2.0,0.07,9.03562566075,0.000431132417886,0.0138094827586,27.1850173363,0.87157250636,7.72411342749
2016-07-05 14:45:14,48.7381,-37.5372,140.0,8.298,34.944,-0.00366103975245,0.047112,2.653344,0.226986039412,2.0,0.08,9.01676451548,0.000395237055307,0.0121172413793,27.1895691614,-0.399913026927,7.13013909956
2016-07-05 14:45:14,48.7381,-37.5372,142.0,8.3,34.95,-0.00366103975202,0.03926,2.653344,0.207842638498,1.9,0.11,9.01205648018,0.000504944834523,0.00873275862069,27.1940097655,3.48615592847,8.94551578741
2016-07-05 14:45:14,48.7381,-37.5372,144.0,8.304,34.954,-0.00366103975202,0.056927,2.647368,0.189871282538,1.9,0.09,9.01368154595,0.000452190640315,0.0163478448276,27.196575339,1.61749686125,8.07257190836
2016-07-05 14:45:14,48.7381,-37.5372,146.0,8.301,34.955,-0.00366103975272,0.054964,2.665296,0.174634698137,2.0,0.06,9.01340133757,0.000435303049858,0.0155017241379,27.1978565027,1.01930463206,7.79312647386
2016-07-05 14:45:14,48.7381,-37.5372,148.0,8.291,34.954,-0.00366103975434,0.045149,2.653344,0.160179477038,1.9,0.06,9.0178859033,0.000407859269102,0.0112711206897,27.1986371724,0.047191030123,7.33900371095
2016-07-05 14:45:14,48.7381,-37.5372,150.0,8.292,34.955,-0.00366103975475,0.047112,2.641392,0.146114937591,2.0,0.06,9.02489830119,0.00039730822998,0.0121172413793,27.1993072353,-0.326547877645,7.16441162103
2016-07-05 14:45:14,48.7381,-37.5372,152.0,8.277,34.954,-0.00366103975779,0.115817,2.647368,0.134394488051,2.0,0.05,9.03068134637,0.00132146929723,0.0417314655172,27.2008488322,32.4090854465,22.4568591511
2016-07-05 14:45:14,48.7381,-37.5372,154.0,8.251,34.953,-0.00366103976202,0.049075,2.62944,0.121111311907,2.0,0.06,9.04794412234,0.000416236500568,0.012963362069,27.2040623516,0.343929323122,7.4776249721
2016-07-05 14:45:14,48.7381,-37.5372,156.0,8.224,34.953,-0.00366103976629,0.051038,2.641392,0.110562907321,2.0,0.05,9.06558436402,0.000428852276481,0.0138094827586,27.2082051338,0.790805337524,7.68638305339
2016-07-05 14:45:14,48.7381,-37.5372,158.0,8.2,34.951,-0.0036610397702,0.047112,2.623464,0.10118654769,1.9,0.06,9.07670781914,0.000441478188242,0.0121172413793,27.210315074,1.23804038392,7.89530885644
2016-07-05 14:45:14,48.7381,-37.5372,160.0,8.186,34.95,-0.00366103977217,0.045149,2.641392,0.091419506407,1.9,0.1,9.09203597042,0.0004435678191,0.0112711206897,27.2116887501,1.31205928817,7.92988677947
2016-07-05 14:45:14,48.7381,-37.5372,162.0,8.181,34.949,-0.00366103977333,0.041223,2.647368,0.0832151917295,1.9,0.08,9.11068580027,0.000418242154727,0.00957887931034,27.2116974428,0.414973604755,7.5108133005
2016-07-05 14:45:14,48.7381,-37.5372,164.0,8.148,34.947,-0.00366103977924,0.049075,2.623464,0.0746201954006,2.0,0.09,9.12744675288,0.000426633112568,0.012963362069,27.2151557758,0.712198113373,7.64966169722
2016-07-05 14:45:14,48.7381,-37.5372,166.0,8.157,34.957,-0.0036610397764,0.041223,2.617488,0.067587925677,2.0,0.1,9.13854604776,0.000483591706785,0.00957887931034,27.2216818239,2.72978543775,8.59217739532
2016-07-05 14:45:14,48.7381,-37.5372,168.0,8.177,34.961,-0.0036610397747,0.043186,2.59956,0.0609463376047,2.0,0.08,9.14133761128,0.000447743966344,0.010425,27.2218315535,1.45998677585,7.99899108918
2016-07-05 14:45:14,48.7381,-37.5372,170.0,8.145,34.96,-0.00366103978118,0.047112,2.611512,0.055086112835,2.0,0.05,9.12574058474,0.000420263793799,0.0121172413793,27.2259229308,0.486584103948,7.54426613737
2016-07-05 14:45:14,48.7381,-37.5372,172.0,8.127,34.961,-0.00366103978303,0.049075,2.617488,0.0492258880653,2.0,0.08,9.09769983587,0.000513071740399,0.012963362069,27.229461813,3.77402718843,9.07999481504
2016-07-05 14:45:14,48.7381,-37.5372,174.0,8.125,34.964,-0.00366103978334,0.041223,2.611512,0.0433656632956,1.9,0.09,9.04963312469,0.000561590664431,0.00957887931034,27.2321548974,5.49266451547,9.88285605455
2016-07-05 14:45:14,48.7381,-37.5372,176.0,8.135,34.972,-0.00366103978264,0.043186,2.617488,0.0386774834799,1.9,0.06,8.98498555375,0.000502505849841,0.010425,27.2369624132,3.39976221308,8.9051569727
2016-07-05 14:45:14,48.7381,-37.5372,178.0,8.132,34.975,-0.00366103978377,0.286598,2.611512,0.0339893036642,1.9,0.05,8.8905461601,0.0012536553646,0.115343965517,27.2398062608,30.0069803249,21.334716006
2016-07-05 14:45:14,48.7381,-37.5372,180.0,8.129,34.976,-0.00366103978511,0.043186,2.59956,0.0293011238484,1.9,0.05,8.76075555198,0.000487715328097,0.010425,27.2410798321,2.87585235184,8.66041253828
2016-07-05 14:45:14,48.7381,-37.5372,182.0,8.104,34.978,-0.00366103978956,0.053001,2.671272,0.0257849889866,2.0,0.06,8.61762794441,0.000688119361906,0.0146556034483,27.2464555527,9.97456403744,11.9765749265
2016-07-05 14:45:14,48.7381,-37.5372,184.0,8.088,34.98,-0.00366103979261,0.045149,2.665296,0.0218781724735,2.0,0.05,8.5247332266,0.000538277118546,0.0112711206897,27.2504706384,4.66685209314,9.49707787171
2016-07-05 14:45:14,48.7381,-37.5372,186.0,8.069,34.979,-0.00366103979662,0.047112,2.695176,0.0183620376117,2.0,0.04,8.49135990123,0.000504488172436,0.0121172413793,27.2525781706,3.46998004403,8.93795922476
2016-07-05 14:45:14,48.7381,-37.5372,188.0,8.036,34.974,-0.00366103980282,0.03926,2.695176,0.0144552210985,1.9,0.07,8.43579571926,0.000502336616191,0.00873275862069,27.2536402273,3.39376761872,8.9023565986
2016-07-05 14:45:14,48.7381,-37.5372,190.0,7.954,34.966,-0.00366103981631,0.047112,2.713104,0.0117204495394,2.0,0.05,8.39322412374,0.000485341141591,0.0121172413793,27.2596477347,2.79175391742,8.62112596383
2016-07-05 14:45:14,48.7381,-37.5372,192.0,7.893,34.959,-0.00366103982554,0.041223,2.713104,0.00898567798018,1.9,0.08,8.39668059056,0.000514797704116,0.00957887931034,27.2632524024,3.83516427518,9.10855499843
2016-07-05 14:45:14,48.7381,-37.5372,194.0,7.866,34.956,-0.00366103983057,0.043186,2.713104,0.00703226972362,2.0,0.06,8.40122291683,0.0005232003767,0.010425,27.2649308635,4.13280374348,9.24759724353
2016-07-05 14:45:14,48.7381,-37.5372,196.0,7.845,34.952,-0.0036610398348,0.045149,2.71908,0.00351613486181,2.0,0.07,8.4030819564,0.00047464553237,0.0112711206897,27.2649285175,2.41289404761,8.44414161705
2016-07-05 14:45:14,48.7381,-37.5372,198.0,7.805,34.945,-0.00366103984248,0.047112,2.707128,0.00117204495394,2.0,0.09,8.41000587832,0.000485146778192,0.0121172413793,27.265364846,2.78486917713,8.61790975815
2016-07-05 14:45:14,48.7381,-37.5372,200.0,7.737,34.935,-0.00366103985277,0.043186,2.713104,-0.000781363302624,2.0,0.07,8.40535475904,0.000487168444318,0.010425,27.2675329552,2.85648063465,8.65136304271
2016-07-05 14:45:14,48.7381,-37.5372,202.0,7.653,34.928,-0.00366103986543,0.03926,2.707128,-0.0031254532105,2.0,0.07,8.38245252515,0.000465944401546,0.00873275862069,27.2743378686,2.10468259156,8.30016066904
2016-07-05 14:45:14,48.7381,-37.5372,204.0,7.637,34.927,-0.00366103986997,0.043186,2.742984,-0.00546954311837,2.0,0.09,8.38961463859,0.000457479792308,0.010425,27.2759132579,1.80484920314,8.1600935344
2016-07-05 14:45:14,48.7381,-37.5372,206.0,7.583,34.921,-0.00366103987729,0.041223,2.74896,-0.00664158807231,2.0,0.09,8.39451365865,0.000489053700902,0.00957887931034,27.279067176,2.92326019334,8.68255910625
2016-07-05 14:45:14,48.7381,-37.5372,208.0,7.543,34.917,-0.00366103988385,0.047112,2.71908,-0.00820431467755,2.0,0.04,8.3993643507,0.000478445854613,0.0121172413793,27.2817396685,2.54750906208,8.50702700635
2016-07-05 14:45:14,48.7381,-37.5372,210.0,7.522,34.913,-0.00366103988875,0.045149,2.754936,-0.0105484045854,2.0,0.07,8.4032885456,0.000486860512973,0.0112711206897,27.2816561562,2.84557309054,8.64626758467
2016-07-05 14:45:14,48.7381,-37.5372,212.0,7.482,34.909,-0.00366103989488,0.047112,2.731032,-0.0121111311907,2.0,0.04,8.40819675768,0.000575422732286,0.0121172413793,27.2843002763,5.98262402305,10.111740585
2016-07-05 14:45:14,48.7381,-37.5372,214.0,7.467,34.906,-0.00366103989755,0.045149,2.71908,-0.0132831761446,2.0,0.05,8.41905820845,0.000486784622077,0.0112711206897,27.2841269529,2.84288488321,8.64501178891
2016-07-05 14:45:14,48.7381,-37.5372,216.0,7.452,34.901,-0.00366103990133,0.043186,2.725056,-0.0148459027499,2.1,0.07,8.43823440314,0.000448791970218,0.010425,27.2823774379,1.49710916905,8.0163328111
2016-07-05 14:45:14,48.7381,-37.5372,218.0,7.353,34.892,-0.00366103991667,0.043186,2.731032,-0.0160179477038,2.0,0.07,8.45147973702,0.00044020483312,0.010425,27.2894682325,1.19293559877,7.87423816099
2016-07-05 14:45:14,48.7381,-37.5372,220.0,7.287,34.885,-0.00366103992644,0.045149,2.742984,-0.0171899926577,2.0,0.06,8.46657221145,0.000471758956128,0.0112711206897,27.2933566265,2.31064574396,8.39637633317
2016-07-05 14:45:14,48.7381,-37.5372,222.0,7.258,34.881,-0.00366103993132,0.041223,2.742984,-0.0179713559604,2.0,0.07,8.47204439517,0.000446399023211,0.00957887931034,27.2943390915,1.41234620017,7.97673579946
2016-07-05 14:45:14,48.7381,-37.5372,224.0,7.249,34.879,-0.00366103993288,0.041223,2.737008,-0.0191434009143,2.0,0.05,8.47439086642,0.00046748872669,0.00957887931034,27.2940661041,2.1593856768,8.32571520933
2016-07-05 14:45:14,48.7381,-37.5372,226.0,7.238,34.876,-0.00366103993531,0.053001,2.725056,-0.0203154458682,2.0,0.06,8.4764772485,0.000448487469357,0.0146556034483,27.2932868351,1.48632313955,8.0112941186
2016-07-05 14:45:14,48.7381,-37.5372,228.0,7.222,34.871,-0.00366103993862,0.03926,2.725056,-0.0210968091709,2.0,0.05,8.47856422365,0.000484342973437,0.00873275862069,27.2916355696,2.75639680509,8.60460889267
2016-07-05 14:45:14,48.7381,-37.5372,230.0,7.158,34.862,-0.00366103994923,0.03926,2.737008,-0.0214874908222,1.9,0.07,8.46917750428,0.000439944811587,0.00873275862069,27.293567271,1.18372511604,7.86993548499
2016-07-05 14:45:14,48.7381,-37.5372,232.0,7.045,34.855,-0.0036610399661,0.037297,2.737008,-0.0222688541248,2.0,0.05,8.44914058401,0.000448204661299,0.00788663793103,27.3038404344,1.47630551253,8.00661438524
2016-07-05 14:45:14,48.7381,-37.5372,234.0,7.02,34.855,-0.00366103996976,0.041223,2.766888,-0.0234408990787,2.0,0.08,8.43875337691,0.000454490498846,0.00957887931034,27.3073369987,1.69896245014,8.11062854931
2016-07-05 14:45:14,48.7381,-37.5372,236.0,7.011,34.855,-0.0036610399712,0.043186,2.737008,-0.02383158073,2.0,0.07,8.4294174757,0.000439704529246,0.010425,27.3086131869,1.17521383497,7.86595944096
2016-07-05 14:45:14,48.7381,-37.5372,238.0,7.01,34.855,-0.0036610399715,0.051038,2.754936,-0.0246129440327,2.0,0.04,8.4276035442,0.000469242853656,0.0138094827586,27.3087815294,2.22152036219,8.35474142082
2016-07-05 14:45:14,48.7381,-37.5372,240.0,7.01,34.856,-0.00366103997166,0.03926,2.737008,-0.0246129440327,2.0,0.08,8.42320015423,0.000517770337125,0.00873275862069,27.3095992341,3.94046088163,9.15774429663
2016-07-05 14:45:14,48.7381,-37.5372,242.0,7.005,34.856,-0.00366103997278,0.035334,2.754936,-0.0253943073353,2.0,0.03,8.41672939505,0.000540971560723,0.00704051724138,27.3103210355,4.76229462394,9.54166383954
2016-07-05 14:45:14,48.7381,-37.5372,244.0,7.001,34.855,-0.0036610399738,0.037297,2.754936,-0.025003625684,2.0,0.07,8.41052285231,0.000433356806939,0.00788663793103,27.3101164436,0.950364815408,7.76092124605
2016-07-05 14:45:14,48.7381,-37.5372,246.0,6.987,34.854,-0.00366103997609,0.037297,2.731032,nan,nan,nan,8.40569574052,0.000431224670508,0.00788663793103,27.3112935125,0.874840278733,7.72563996699
2016-07-05 14:45:14,48.7381,-37.5372,248.0,6.975,34.853,-0.00366103997799,0.03926,2.74896,nan,nan,nan,8.39729983226,0.000477626215227,0.00873275862069,27.3121922823,2.51847579578,8.49346411917
2016-07-05 14:45:14,48.7381,-37.5372,250.0,6.969,34.854,-0.00366103997902,0.043186,2.754936,nan,nan,nan,8.38523409315,0.000629533383718,0.010425,27.3138377268,7.89933151807,11.0071302818
2016-07-05 14:45:14,48.7381,-37.5372,252.0,6.969,34.855,-0.00366103997954,0.041223,2.737008,nan,nan,nan,8.37493730174,0.000528250388843,0.00957887931034,27.3146554074,4.31168527358,9.33116173076
2016-07-05 14:45:14,48.7381,-37.5372,254.0,6.965,34.855,-0.00366103998034,0.043186,2.754936,nan,nan,nan,8.36568261945,0.000838414279201,0.010425,27.3152378498,15.2983105979,14.4635625504
2016-07-05 14:45:14,48.7381,-37.5372,256.0,6.959,34.856,-0.0036610399817,0.043186,2.737008,nan,nan,nan,8.3536178039,0.000749780674181,0.010425,27.3168836292,12.1587310408,12.9969083034
2016-07-05 14:45:14,48.7381,-37.5372,258.0,6.95,34.857,-0.00366103998314,0.03926,2.766888,nan,nan,nan,8.34541490085,0.000486011178165,0.00873275862069,27.3189421795,2.81548795297,8.63221331594
2016-07-05 14:45:14,48.7381,-37.5372,260.0,6.953,34.858,-0.00366103998303,0.03926,2.772864,nan,nan,nan,8.33466262623,0.000625274278249,0.00873275862069,27.3193477207,7.74846548412,10.9366532306
2016-07-05 14:45:14,48.7381,-37.5372,262.0,6.961,34.86,-0.00366103998251,0.037297,2.737008,nan,nan,nan,8.32188302987,0.000467032634969,0.00788663793103,27.3198520865,2.14322999586,8.31816808474
2016-07-05 14:45:14,48.7381,-37.5372,264.0,6.96,34.86,-0.0036610399834,0.043186,2.71908,nan,nan,nan,8.31070657691,0.00050290097394,0.010425,27.3200207572,3.41375829889,8.91169524266
2016-07-05 14:45:14,48.7381,-37.5372,266.0,6.941,34.86,-0.00366103998843,0.043186,2.754936,nan,nan,nan,8.31371588924,0.000460667087338,0.010425,27.3226680179,1.91774956769,8.21283492736
2016-07-05 14:45:14,48.7381,-37.5372,268.0,6.887,34.855,-0.00366103999654,0.03926,2.754936,nan,nan,nan,8.32520356009,0.000473244353332,0.00873275862069,27.3261726031,2.36326148372,8.42095577025
2016-07-05 14:45:14,48.7381,-37.5372,270.0,6.869,34.851,-0.0036610399995,0.043186,2.766888,nan,nan,nan,8.33978077177,0.000481662960948,0.010425,27.3255146416,2.66146540268,8.56026169841
2016-07-05 14:45:14,48.7381,-37.5372,272.0,6.8,34.844,-0.00366104001176,0.043186,2.742984,nan,nan,nan,8.34567110148,0.000449908153174,0.010425,27.3294383388,1.53664660173,8.03480271846
2016-07-05 14:45:14,48.7381,-37.5372,274.0,6.768,34.84,-0.00366104001596,0.041223,2.766888,nan,nan,nan,8.3528483884,0.000496281588781,0.00957887931034,27.3306612096,3.1792864378,8.80216173838
2016-07-05 14:45:14,48.7381,-37.5372,276.0,6.732,34.834,-0.00366104002203,0.03926,2.754936,nan,nan,nan,8.35156621013,0.000443482759279,0.00873275862069,27.3308359427,1.30904629918,7.928479262
2016-07-05 14:45:14,48.7381,-37.5372,278.0,6.663,34.827,-0.00366104003365,0.049075,2.784816,nan,nan,nan,8.33809138491,0.0015469105774,0.012963362069,27.3346487102,40.3946664726,26.1873224548
2016-07-05 14:45:14,48.7381,-37.5372,280.0,6.599,34.823,-0.003661040043,0.03926,2.760912,nan,nan,nan,8.3101456569,0.000445381893414,0.00873275862069,27.3401038617,1.37631742852,7.95990496272
2016-07-05 14:45:14,48.7381,-37.5372,282.0,6.568,34.825,-0.00366104004745,0.037297,2.790792,nan,nan,nan,8.28464424923,0.00044532022809,0.00788663793103,27.3458504815,1.3741331194,7.95888456295
2016-07-05 14:45:14,48.7381,-37.5372,284.0,6.577,34.831,-0.00366104004581,0.037297,2.790792,nan,nan,nan,8.26455088714,0.000438990471592,0.00788663793103,27.3494121023,1.14992048473,7.85414365517
2016-07-05 14:45:14,48.7381,-37.5372,286.0,6.581,34.835,-0.00366104004722,0.03926,2.784816,nan,nan,nan,8.25857426685,0.000417886944062,0.00873275862069,27.3520627833,0.40239133256,7.50493549342
2016-07-05 14:45:14,48.7381,-37.5372,288.0,6.553,34.834,-0.00366104005193,0.182559,2.790792,nan,nan,nan,8.25381677027,0.00494380313735,0.0704995689655,27.3550374969,160.719394731,82.3970061118
2016-07-05 14:45:14,48.7381,-37.5372,290.0,6.519,34.832,-0.00366104005752,0.033371,2.802744,nan,nan,nan,8.24744461891,0.000472642319934,0.00619439655172,27.3580113164,2.3419362567,8.41099369278
2016-07-05 14:45:14,48.7381,-37.5372,292.0,6.491,34.832,-0.00366104006126,0.03926,2.77884,nan,nan,nan,8.24592826973,0.00045360115713,0.00873275862069,27.3617549948,1.66746018787,8.09591227093
2016-07-05 14:45:14,48.7381,-37.5372,294.0,6.48,34.832,-0.00366104006332,0.037297,2.796768,nan,nan,nan,8.24532181936,0.000428260976654,0.00788663793103,27.3632408633,0.769860315027,7.67659858842
2016-07-05 14:45:14,48.7381,-37.5372,296.0,6.473,34.832,-0.00366104006481,0.033371,2.766888,nan,nan,nan,8.25123688779,0.000424028165407,0.00619439655172,27.3641961952,0.619925675058,7.60655663774
2016-07-05 14:45:14,48.7381,-37.5372,298.0,6.453,34.829,-0.00366104006841,0.035334,2.766888,nan,nan,nan,8.25908056819,0.000470419773064,0.00704051724138,27.3645013601,2.26320920147,8.37421635753
2016-07-05 14:45:14,48.7381,-37.5372,300.0,6.419,34.828,-0.00366104007389,0.035334,2.796768,nan,nan,nan,8.25847301086,0.000449260079786,0.00704051724138,27.3682246591,1.51369054618,8.02407879962
2016-07-05 14:45:14,48.7381,-37.5372,302.0,6.398,34.827,-0.00366104007758,0.037297,2.784816,nan,nan,nan,8.26130871618,0.000432344161658,0.00788663793103,27.370226865,0.914494894252,7.7441646163
2016-07-05 14:45:14,48.7381,-37.5372,304.0,6.375,34.825,-0.00366104008163,0.037297,2.77884,nan,nan,nan,8.25725804965,0.000569457694451,0.00788663793103,27.3716979769,5.77133045286,10.0130348168
2016-07-05 14:45:14,48.7381,-37.5372,306.0,6.346,34.825,-0.00366104008636,0.035334,2.772864,nan,nan,nan,8.23835130578,0.000442803900812,0.00704051724138,27.3755279482,1.28499977456,7.91724593065
2016-07-05 14:45:14,48.7381,-37.5372,308.0,6.311,34.824,-0.00366104009223,0.041223,2.790792,nan,nan,nan,8.21247806712,0.000446962041029,0.00957887931034,27.3793417333,1.43228941733,7.98605227117
2016-07-05 14:45:14,48.7381,-37.5372,310.0,6.28,34.825,-0.00366104009671,0.035334,2.802744,nan,nan,nan,8.20138926691,0.000449012061338,0.00704051724138,27.3842002689,1.50490523671,8.01997474326
2016-07-05 14:45:14,48.7381,-37.5372,312.0,6.264,34.825,-0.00366104009937,0.033371,2.802744,nan,nan,nan,8.18269875137,0.000444762432666,0.00619439655172,27.3863107582,1.35437488989,7.94965450819
2016-07-05 14:45:14,48.7381,-37.5372,314.0,6.253,34.829,-0.00366104010143,0.037297,2.814696,nan,nan,nan,8.16417674411,0.000459501343211,0.00788663793103,27.3909280642,1.87645657922,8.19354491231
2016-07-05 14:45:14,48.7381,-37.5372,316.0,6.243,34.83,-0.00366104010367,0.03926,2.796768,nan,nan,nan,8.15572717858,0.000427830014974,0.00873275862069,27.3930454214,0.754594790408,7.66946730026
2016-07-05 14:45:14,48.7381,-37.5372,318.0,6.217,34.83,-0.00366104010775,0.035334,2.796768,nan,nan,nan,8.14754680363,0.000467871892382,0.00704051724138,27.3964437059,2.17295817196,8.33205559896
2016-07-05 14:45:14,48.7381,-37.5372,320.0,6.197,34.83,-0.00366104011135,0.035334,2.802744,nan,nan,nan,8.14438689651,0.000484714778872,0.00704051724138,27.3990594189,2.76956689721,8.61076129976
2016-07-05 14:45:14,48.7381,-37.5372,322.0,6.166,34.831,-0.00366104011643,0.03926,2.820672,nan,nan,nan,8.13997333963,0.000476214362033,0.00873275862069,27.4038780568,2.46846513195,8.47010164302
2016-07-05 14:45:14,48.7381,-37.5372,324.0,6.146,34.831,-0.00366104011959,0.041223,2.802744,nan,nan,nan,8.13599052707,0.000431866938405,0.00957887931034,27.4064820561,0.897590692166,7.73626782014
2016-07-05 14:45:14,48.7381,-37.5372,326.0,6.131,34.831,-0.00366104012197,0.035334,2.784816,nan,nan,nan,8.13161199635,0.000433948953764,0.00704051724138,27.4084394611,0.971339840223,7.7707197266
2016-07-05 14:45:14,48.7381,-37.5372,328.0,6.117,34.831,-0.00366104012421,0.035334,2.814696,nan,nan,nan,8.12226684778,0.000433922805637,0.00704051724138,27.4102659789,0.970413621291,7.77028704353
2016-07-05 14:45:14,48.7381,-37.5372,330.0,6.105,34.831,-0.0036610401264,0.033371,2.80872,nan,nan,nan,8.11392620558,0.000427570355218,0.00619439655172,27.4118339762,0.745397122544,7.66517061073
2016-07-05 14:45:14,48.7381,-37.5372,332.0,6.075,34.833,-0.00366104013124,0.035334,2.802744,nan,nan,nan,8.10321683797,0.000414848780411,0.00704051724138,27.4172823592,0.29477349973,7.45466183457
2016-07-05 14:45:14,48.7381,-37.5372,334.0,6.063,34.835,-0.00366104013305,0.035334,2.814696,nan,nan,nan,8.09826424256,0.000541421307898,0.00704051724138,27.4204248031,4.77822556837,9.54910597849
2016-07-05 14:45:14,48.7381,-37.5372,336.0,6.057,34.837,-0.00366104013414,0.029445,2.80872,nan,nan,nan,8.09252354329,0.000427464306195,0.00450215517241,27.4228003566,0.741640654043,7.66341577688
2016-07-05 14:45:14,48.7381,-37.5372,338.0,6.053,34.837,-0.00366104013478,0.037297,2.832624,nan,nan,nan,8.08574953673,0.000412686756553,0.00788663793103,27.4233401286,0.21819029061,7.4188859968
2016-07-05 14:45:14,48.7381,-37.5372,340.0,6.047,34.838,-0.00366104013584,0.045149,2.80872,nan,nan,nan,8.07868573115,0.00042322283851,0.0112711206897,27.4249248361,0.59139938569,7.59323058478
2016-07-05 14:45:14,48.7381,-37.5372,342.0,6.036,34.839,-0.0036610401377,0.03926,2.826648,nan,nan,nan,8.07197421042,0.000414759467865,0.00873275862069,27.4271459862,0.291609870727,7.45318394563
2016-07-05 14:45:14,48.7381,-37.5372,344.0,6.03,34.84,-0.00366104013885,0.033371,2.832624,nan,nan,nan,8.06369224999,0.000480155712492,0.00619439655172,27.4287295248,2.60807564791,8.5353206803
2016-07-05 14:45:14,48.7381,-37.5372,346.0,6.017,34.842,-0.00366104014108,0.035334,2.820672,nan,nan,nan,8.05266463965,0.000414715683507,0.00704051724138,27.4319930779,0.290058941196,7.45245942907
2016-07-05 14:45:14,48.7381,-37.5372,348.0,6.014,34.845,-0.00366104014157,0.033371,2.826648,nan,nan,nan,8.04204707953,0.000425251991474,0.00619439655172,27.4347746436,0.663276041984,7.62680775692
2016-07-05 14:45:14,48.7381,-37.5372,350.0,6.01,34.846,-0.00366104014275,0.03926,2.832624,nan,nan,nan,8.02791502632,0.000461111887987,0.00873275862069,27.4361026355,1.93350529626,8.22019521424
2016-07-05 14:45:14,48.7381,-37.5372,352.0,5.98,34.851,-0.00366104014718,0.037297,2.8386,nan,nan,nan,8.01283272683,0.000513792098776,0.00788663793103,27.4438902584,3.79954372284,9.0919148613
2016-07-05 14:45:14,48.7381,-37.5372,354.0,5.971,34.852,-0.00366104014911,0.037297,2.832624,nan,nan,nan,8.00032121941,0.000404052088745,0.00788663793103,27.4458489495,-0.0876669124832,7.2760048378
2016-07-05 14:45:14,48.7381,-37.5372,356.0,5.958,34.856,-0.00366104015077,0.037297,2.826648,nan,nan,nan,7.9897818415,0.000423006844351,0.00788663793103,27.4506829374,0.583748440602,7.58965644662
2016-07-05 14:45:14,48.7381,-37.5372,358.0,5.954,34.857,-0.00366104015143,0.062816,2.814696,nan,nan,nan,7.98198502722,0.0005749170833,0.0188862068966,27.4520063778,5.96471292466,10.1033734173
2016-07-05 14:45:14,48.7381,-37.5372,360.0,5.953,34.858,-0.00366104015173,0.037297,2.856528,nan,nan,nan,7.9701114544,0.000401891948403,0.00788663793103,27.4529504203,-0.164183403681,7.2402601673
2016-07-05 14:45:14,48.7381,-37.5372,362.0,5.948,34.862,-0.00366104015275,0.041223,2.8386,nan,nan,nan,7.95864617989,0.000524252114529,0.00957887931034,27.4567713557,4.17005840085,9.26500075264
2016-07-05 14:45:14,48.7381,-37.5372,364.0,5.945,34.866,-0.00366104015329,0.035334,2.856528,nan,nan,nan,7.94797500086,0.000414515315609,0.00704051724138,27.4603394228,0.2829615095,7.44914386463
2016-07-05 14:45:14,48.7381,-37.5372,366.0,5.939,34.867,-0.00366104015436,0.031408,2.8386,nan,nan,nan,7.94099898394,0.00042716132526,0.00534827586207,27.4619149134,0.730908463347,7.65840223517
2016-07-05 14:45:14,48.7381,-37.5372,368.0,5.932,34.868,-0.00366104015587,0.035334,2.832624,nan,nan,nan,7.93369128282,0.000414485359658,0.00704051724138,27.4636161917,0.281900409803,7.44864817202
2016-07-05 14:45:14,48.7381,-37.5372,370.0,5.912,34.873,-0.00366104015881,0.03926,2.8386,nan,nan,nan,7.9284209067,0.000414434048518,0.00873275862069,27.4701176363,0.280082866619,7.44779910692
2016-07-05 14:45:14,48.7381,-37.5372,372.0,5.901,34.875,-0.00366104016069,0.031408,2.826648,nan,nan,nan,7.92320278075,0.000408077808668,0.00534827586207,27.4731109011,0.054932138625,7.34261996894
2016-07-05 14:45:14,48.7381,-37.5372,374.0,5.896,34.877,-0.0036610401614,0.035334,2.8386,nan,nan,nan,7.91847116903,0.00040595293722,0.00704051724138,27.4753482381,-0.0203350577964,7.30745890636
2016-07-05 14:45:14,48.7381,-37.5372,376.0,5.897,34.878,-0.00366104016128,0.033371,2.856528,nan,nan,nan,7.91451451556,0.000395402101506,0.00619439655172,27.4760400525,-0.394066760464,7.1328701823
2016-07-05 14:45:14,48.7381,-37.5372,378.0,5.897,34.88,-0.00366104016148,0.05889,2.850552,nan,nan,nan,7.91123508018,0.000766757891677,0.0171939655172,27.4776482719,12.760098039,13.2778368309
2016-07-05 14:45:14,48.7381,-37.5372,380.0,5.884,34.88,-0.0036610401636,0.080483,2.862504,nan,nan,nan,7.90525887884,0.00225217798625,0.0265012931034,27.4793098682,65.376648629,37.8576526891
2016-07-05 14:45:14,48.7381,-37.5372,382.0,5.876,34.881,-0.00366104016497,0.033371,2.850552,nan,nan,nan,7.89659280532,0.00059791484616,0.00619439655172,27.4811324154,6.77933968067,10.4839262174
2016-07-05 14:45:14,48.7381,-37.5372,384.0,5.872,34.882,-0.00366104016599,0.037297,2.850552,nan,nan,nan,7.8905329269,0.00064643471496,0.00788663793103,27.4824522254,8.49801047332,11.2868030903
2016-07-05 14:45:14,48.7381,-37.5372,386.0,5.856,34.884,-0.00366104016865,0.03926,2.874456,nan,nan,nan,7.8808288174,0.00277328572386,0.00873275862069,27.4860674595,83.8353269105,46.4806222312
2016-07-05 14:45:14,48.7381,-37.5372,388.0,5.842,34.887,-0.0036610401708,0.053001,2.850552,nan,nan,nan,7.87708528535,0.000526093868945,0.0146556034483,27.4902202372,4.23529702575,9.29547696914
2016-07-05 14:45:14,48.7381,-37.5372,390.0,5.833,34.888,-0.00366104017254,0.033371,2.844576,nan,nan,nan,7.87123403329,0.000414243701493,0.00619439655172,27.4921640858,0.273340394288,7.44464936171
2016-07-05 14:45:14,48.7381,-37.5372,392.0,5.813,34.89,-0.00366104017573,0.037297,2.850552,nan,nan,nan,7.86605832075,0.000420530262198,0.00788663793103,27.4962719552,0.496022947564,7.54867549214
2016-07-05 14:45:14,48.7381,-37.5372,394.0,5.811,34.891,-0.00366104017614,0.029445,2.844576,nan,nan,nan,7.86605832075,0.000654734501351,0.00450215517241,27.4973392437,8.79200550684,11.4241428381
2016-07-05 14:45:14,48.7381,-37.5372,396.0,5.808,34.892,-0.00366104017667,0.033371,2.86848,nan,nan,nan,7.86486078541,0.000509135624867,0.00619439655172,27.4985312994,3.63460210405,9.01486240211
2016-07-05 14:45:14,48.7381,-37.5372,398.0,5.806,34.892,-0.00366104017709,0.033371,2.856528,nan,nan,nan,7.8635676778,0.00133836445707,0.00619439655172,27.4988076496,33.0075457984,22.7364298391
2016-07-05 14:45:14,48.7381,-37.5372,400.0,5.803,34.893,-0.00366104017784,0.818571,2.862504,nan,nan,nan,7.86390290493,0.0033112123291,0.344642672414,27.49999953,102.889763122,55.3819000249
2016-07-05 14:45:14,48.7381,-37.5372,402.0,5.797,34.894,-0.0036610401789,0.035334,2.856528,nan,nan,nan,7.8643339349,0.000439479044644,0.00704051724138,27.5015653772,1.16722671939,7.86222826079
2016-07-05 14:45:14,48.7381,-37.5372,404.0,5.792,34.895,-0.0036610401801,0.031408,2.850552,nan,nan,nan,7.86490868289,0.000426806773055,0.00534827586207,27.5030062017,0.718349515157,7.65253532389
2016-07-05 14:45:14,48.7381,-37.5372,406.0,5.773,34.9,-0.00366104018361,0.035334,2.862504,nan,nan,nan,7.86797480436,0.00044363708161,0.00704051724138,27.5093531678,1.31451270477,7.93103289277
2016-07-05 14:45:14,48.7381,-37.5372,408.0,5.749,34.905,-0.00366104018732,0.033371,2.8386,nan,nan,nan,7.87065876479,0.000407707618764,0.00619439655172,27.5163172818,0.041819271867,7.33649429467
2016-07-05 14:45:14,48.7381,-37.5372,410.0,5.735,34.906,-0.00366104018961,0.094224,2.862504,nan,nan,nan,7.87660549025,0.000443548254599,0.032424137931,27.5188718494,1.31136627441,7.92956303817
2016-07-05 14:45:14,48.7381,-37.5372,412.0,5.718,34.908,-0.00366104019234,0.033371,2.856528,nan,nan,nan,7.87804497436,0.000403420179302,0.00619439655172,27.5225866651,-0.110050408758,7.26554838996
2016-07-05 14:45:14,48.7381,-37.5372,414.0,5.709,34.908,-0.00366104019388,0.029445,2.850552,nan,nan,nan,7.88044477318,0.000399182920967,0.00450215517241,27.5237268927,-0.260142573497,7.1954328516
2016-07-05 14:45:14,48.7381,-37.5372,416.0,5.705,34.908,-0.00366104019462,0.03926,2.856528,nan,nan,nan,7.88572723032,0.000397065246884,0.00873275862069,27.5242480783,-0.33515482488,7.16039088657
2016-07-05 14:45:14,48.7381,-37.5372,418.0,5.693,34.909,-0.00366104019666,0.033371,2.886408,nan,nan,nan,7.88620765151,0.000527859950203,0.00619439655172,27.5265485593,4.29785515608,9.32470099288
2016-07-05 14:45:14,48.7381,-37.5372,420.0,5.688,34.91,-0.00366104019763,0.033371,2.874456,nan,nan,nan,7.88981186205,0.000399137245743,0.00619439655172,27.5279835441,-0.261760481302,7.19467704615
2016-07-05 14:45:14,48.7381,-37.5372,422.0,5.677,34.912,-0.0036610401995,0.037297,2.856528,nan,nan,nan,7.8895715236,0.000439200855343,0.00788663793103,27.5309495369,1.15737269798,7.85762495577
2016-07-05 14:45:14,48.7381,-37.5372,424.0,5.67,34.913,-0.00366104020088,0.037297,2.880432,nan,nan,nan,7.8987101892,0.000403314594793,0.00788663793103,27.5326301195,-0.113790423249,7.2638012426
2016-07-05 14:45:14,48.7381,-37.5372,426.0,5.651,34.915,-0.00366104020396,0.031408,2.89836,nan,nan,nan,7.90617425669,0.000396942648822,0.00534827586207,27.5365784986,-0.33949749343,7.15836220943
2016-07-05 14:45:14,48.7381,-37.5372,428.0,5.642,34.915,-0.00366104020562,0.035334,2.892384,nan,nan,nan,7.91195835325,0.000415915394073,0.00704051724138,27.5377116119,0.332555088842,7.4723114998
2016-07-05 14:45:14,48.7381,-37.5372,430.0,5.63,34.914,-0.00366104020749,0.033371,2.844576,nan,nan,nan,7.91798853085,0.000403234954151,0.00619439655172,27.5384208481,-0.116611454052,7.26248339837
2016-07-05 14:45:14,48.7381,-37.5372,432.0,5.619,34.914,-0.00366104020956,0.031408,2.862504,nan,nan,nan,7.92281640716,0.000409543783831,0.00534827586207,27.5397969848,0.106859910862,7.36687802207
2016-07-05 14:45:14,48.7381,-37.5372,434.0,5.608,34.915,-0.00366104021141,0.033371,2.862504,nan,nan,nan,7.92619789746,0.00040951987713,0.00619439655172,27.5419630246,0.106013087694,7.36648242872
2016-07-05 14:45:14,48.7381,-37.5372,436.0,5.597,34.917,-0.00366104021322,0.27482,2.856528,nan,nan,nan,7.92977438741,0.00380027405815,0.110267241379,27.5449190544,120.213307688,63.474591976
2016-07-05 14:45:14,48.7381,-37.5372,438.0,5.595,34.917,-0.00366104021381,0.037297,2.850552,nan,nan,nan,7.93514253922,0.000415819414198,0.00788663793103,27.5451900099,0.329155289708,7.470723284
2016-07-05 14:45:14,48.7381,-37.5372,440.0,5.587,34.917,-0.00366104021541,0.033371,2.86848,nan,nan,nan,7.94351730294,0.000409473951514,0.00619439655172,27.5461947999,0.104386310527,7.36572247994
2016-07-05 14:45:14,48.7381,-37.5372,442.0,5.575,34.917,-0.00366104021752,0.037297,2.862504,nan,nan,nan,7.95379363796,0.000415780794177,0.00788663793103,27.5476874629,0.327787291336,7.47008422371
2016-07-05 14:45:14,48.7381,-37.5372,444.0,5.556,34.918,-0.0036610402204,0.033371,2.856528,nan,nan,nan,7.97054905904,0.000430511406253,0.00619439655172,27.5508236233,0.849575032288,7.71383730988
2016-07-05 14:45:14,48.7381,-37.5372,446.0,5.523,34.919,-0.00366104022586,0.033371,2.862504,nan,nan,nan,7.97692171496,0.00043677482625,0.00619439655172,27.5556584273,1.07143789543,7.81748052215
2016-07-05 14:45:14,48.7381,-37.5372,448.0,5.515,34.919,-0.00366104022737,0.035334,2.850552,nan,nan,nan,7.98222854732,0.000432539303897,0.00704051724138,27.5566563491,0.921407222635,7.74739370975
2016-07-05 14:45:14,48.7381,-37.5372,450.0,5.504,34.92,-0.00366104022926,0.029445,2.850552,nan,nan,nan,7.99148854346,0.000413525201903,0.00450215517241,27.558809138,0.24788970182,7.4327600735
2016-07-05 14:45:14,48.7381,-37.5372,452.0,5.487,34.921,-0.00366104023185,0.035334,2.844576,nan,nan,nan,7.99539112641,0.000426149534428,0.00704051724138,27.5616875301,0.69506880852,7.64165974433
2016-07-05 14:45:14,48.7381,-37.5372,453.9,5.476,34.921,-0.00366104023377,0.035334,2.856528,nan,nan,nan,8.00032121944,0.000424018155075,0.00704051724138,27.5630437838,0.619571089054,7.60639099293
2016-07-05 14:45:14,48.7381,-37.5372,455.9,5.469,34.922,-0.00366104023516,0.033371,2.874456,nan,nan,nan,8.00320276754,0.000428221854983,0.00619439655172,27.5647080026,0.768474547215,7.67595122714
2016-07-05 14:45:14,48.7381,-37.5372,458.0,5.459,34.922,-0.00366104023653,0.031408,2.844576,nan,nan,nan,8.00857828471,0.000436642431866,0.00534827586207,27.5659436717,1.06674822155,7.81528974151
2016-07-05 14:45:14,48.7381,-37.5372,460.0,5.453,34.923,-0.00366104023757,0.035334,2.850552,nan,nan,nan,8.01371327593,0.000428188023552,0.00704051724138,27.5674857654,0.767276170264,7.67539140548
2016-07-05 14:45:14,48.7381,-37.5372,462.0,5.446,34.923,-0.00366104023878,0.037297,2.850552,nan,nan,nan,8.01400681665,0.00042395438326,0.00788663793103,27.568356324,0.617312163847,7.60533573627
2016-07-05 14:45:14,48.7381,-37.5372,464.0,5.442,34.923,-0.00366104023954,0.035334,2.862504,nan,nan,nan,8.01664923147,0.000539996963755,0.00704051724138,27.5688645221,4.72777245011,9.52553680981
2016-07-05 14:45:14,48.7381,-37.5372,466.0,5.436,34.923,-0.00366104024055,0.031408,2.8386,nan,nan,nan,8.02179008724,0.000398614825885,0.00534827586207,27.5696135977,-0.280265637485,7.18603236446
2016-07-05 14:45:14,48.7381,-37.5372,468.0,5.431,34.924,-0.00366104024145,0.031408,2.844576,nan,nan,nan,8.02321060106,0.000407042403717,0.00534827586207,27.5710335805,0.0182560244522,7.32548672621
2016-07-05 14:45:14,48.7381,-37.5372,470.0,5.422,34.925,-0.00366104024295,0.035334,2.856528,nan,nan,nan,8.02725817925,0.00045977232096,0.00704051724138,27.5729348399,1.88605515303,8.19802888502
2016-07-05 14:45:14,48.7381,-37.5372,472.0,5.419,34.925,-0.00366104024345,0.033371,2.856528,nan,nan,nan,8.02693467993,0.000430226376602,0.00619439655172,27.5733215167,0.839478711987,7.70912081495
2016-07-05 14:45:14,48.7381,-37.5372,474.0,5.419,34.925,-0.00366104024366,0.031408,2.850552,nan,nan,nan,8.03298558303,0.000476646524518,0.00534827586207,27.5733471459,2.48377319149,8.47725280137
2016-07-05 14:45:14,48.7381,-37.5372,476.0,5.415,34.925,-0.00366104024436,0.031408,2.850552,nan,nan,nan,8.03576268683,0.000421778547792,0.00534827586207,27.5738539822,0.54023971988,7.56933135249
2016-07-05 14:45:14,48.7381,-37.5372,478.0,5.41,34.925,-0.00366104024529,0.031408,2.862504,nan,nan,nan,8.04047545892,0.000434428833149,0.00534827586207,27.5744808349,0.988338127791,7.77866047478
2016-07-05 14:45:14,48.7381,-37.5372,480.0,5.401,34.926,-0.00366104024707,0.035334,2.850552,nan,nan,nan,8.0477078002,0.000455508627087,0.00704051724138,27.5763798063,1.73502658869,8.12747590769
2016-07-05 14:45:14,48.7381,-37.5372,482.0,5.388,34.929,-0.00366104024913,0.031408,2.856528,nan,nan,nan,8.04892701886,0.000432265040938,0.00534827586207,27.5803416606,0.9116922801,7.74285537541
2016-07-05 14:45:14,48.7381,-37.5372,484.0,5.384,34.929,-0.00366104024999,0.033371,2.850552,nan,nan,nan,8.05325497038,0.000421707190735,0.00619439655172,27.5808469768,0.537712110229,7.56815057992
2016-07-05 14:45:14,48.7381,-37.5372,486.0,5.376,34.929,-0.00366104025158,0.035334,2.850552,nan,nan,nan,8.06149520784,0.000411141518419,0.00704051724138,27.581831475,0.163454865448,7.39331634892
2016-07-05 14:45:14,48.7381,-37.5372,488.0,5.366,34.929,-0.00366104025325,0.027482,2.844576,nan,nan,nan,8.06980419227,0.000527172329469,0.00365603448276,27.5830546253,4.27349825446,9.31332266895
2016-07-05 14:45:14,48.7381,-37.5372,490.0,5.355,34.929,-0.00366104025527,0.029445,2.850552,nan,nan,nan,8.08164871152,0.000453300566221,0.00450215517241,27.5843961492,1.65681265668,8.0909382779
2016-07-05 14:45:14,48.7381,-37.5372,492.0,5.341,34.93,-0.00366104025756,0.029445,2.850552,nan,nan,nan,8.09371089453,0.000427950357769,0.00450215517241,27.5868865711,0.758857572898,7.67145865864
2016-07-05 14:45:14,48.7381,-37.5372,494.0,5.322,34.93,-0.00366104026063,0.033371,2.856528,nan,nan,nan,8.11134655376,0.000514423384828,0.00619439655172,27.5891787535,3.82190513737,9.10236099366
2016-07-05 14:45:14,48.7381,-37.5372,496.0,5.293,34.931,-0.00366104026573,0.031408,2.832624,nan,nan,nan,8.12432371867,0.000440513506483,0.00534827586207,27.5934480448,1.20386942665,7.87934589749
2016-07-05 14:45:14,48.7381,-37.5372,498.0,5.28,34.931,-0.00366104026781,0.033371,2.8386,nan,nan,nan,8.12842929567,0.000425717905681,0.00619439655172,27.5950174913,0.67977965504,7.63451741795
2016-07-05 14:45:14,48.7381,-37.5372,500.0,5.275,34.931,-0.00366104026879,0.041223,2.856528,nan,nan,nan,8.13778251805,0.000457358172974,0.00957887931034,27.5956360795,1.8005412031,8.15808105265
2016-07-05 14:45:14,48.7381,-37.5372,504.0,5.255,34.931,-0.00366104027233,0.043186,2.862504,nan,nan,nan,8.1552281074,0.00052061901155,0.010425,27.5980570179,4.04136662712,9.20488240461
2016-07-05 14:45:14,48.7381,-37.5372,508.0,5.236,34.932,-0.00366104027542,0.033371,2.844576,nan,nan,nan,8.17273634664,0.000434068587127,0.00619439655172,27.6011456225,0.975577493208,7.77269934573
2016-07-05 14:45:14,48.7381,-37.5372,512.0,5.208,34.933,-0.00366104028005,0.033371,2.844576,nan,nan,nan,8.19355800619,0.000490980808717,0.00619439655172,27.6052906555,2.99152220638,8.71444769818
2016-07-05 14:45:14,48.7381,-37.5372,516.0,5.184,34.932,-0.00366104028429,0.029445,2.856528,nan,nan,nan,8.21103947821,0.00042974589739,0.00450215517241,27.6073712615,0.822459177359,7.70117014121
2016-07-05 14:45:14,48.7381,-37.5372,520.0,5.157,34.934,-0.00366104028858,0.035334,2.8386,nan,nan,nan,8.2230499579,0.000520417324542,0.00704051724138,27.612174289,4.03422246994,9.20154501236
2016-07-05 14:45:14,48.7381,-37.5372,524.0,5.149,34.935,-0.00366104029008,0.033371,2.832624,nan,nan,nan,8.22843248523,0.000473978614027,0.00619439655172,27.6139520243,2.38927046606,8.43310586351
2016-07-05 14:45:14,48.7381,-37.5372,528.0,5.14,34.936,-0.00366104029141,0.031408,2.8386,nan,nan,nan,8.23192219062,0.000480288081113,0.00534827586207,27.6158460483,2.61276440919,8.53751103462
2016-07-05 14:45:14,48.7381,-37.5372,532.0,5.138,34.936,-0.00366104029179,0.031408,2.8386,nan,nan,nan,8.23425296478,0.000433863967452,0.00534827586207,27.6161275014,0.968329455091,7.76931342551
2016-07-05 14:45:14,48.7381,-37.5372,536.0,5.133,34.937,-0.00366104029278,0.031408,2.820672,nan,nan,nan,8.24050235368,0.000438071351166,0.00534827586207,27.6175524831,1.117363401,7.83893461706
2016-07-05 14:45:14,48.7381,-37.5372,540.0,5.124,34.938,-0.00366104029438,0.031408,2.832624,nan,nan,nan,8.24795013962,0.00051401102264,0.00534827586207,27.6194447091,3.80729844395,9.09553747842
2016-07-05 14:45:14,48.7381,-37.5372,544.0,5.118,34.94,-0.00366104029546,0.033371,2.8386,nan,nan,nan,8.25427213955,0.000459133510504,0.00619439655172,27.6217782855,1.86342720908,8.18745824348
2016-07-05 14:45:14,48.7381,-37.5372,548.0,5.109,34.942,-0.00366104029701,0.031408,2.832624,nan,nan,nan,8.26077187225,0.000438010142315,0.00534827586207,27.6244615706,1.11519526107,7.83792177073
2016-07-05 14:45:14,48.7381,-37.5372,552.0,5.101,34.944,-0.00366104029828,0.033371,2.8386,nan,nan,nan,8.26249396613,0.000488628980098,0.00619439655172,27.6270273304,2.90821573304,8.67553108827
2016-07-05 14:45:14,48.7381,-37.5372,556.0,5.097,34.944,-0.00366104029905,0.031408,2.832624,nan,nan,nan,8.26425700547,0.00046119094183,0.00534827586207,27.6275408226,1.93630554149,8.22150334849
2016-07-05 14:45:14,48.7381,-37.5372,560.0,5.093,34.944,-0.00366104029984,0.031408,2.826648,nan,nan,nan,8.26909237419,0.00067429366818,0.00534827586207,27.6280540972,9.48483031426,11.7477958712
2016-07-05 14:45:14,48.7381,-37.5372,564.0,5.09,34.945,-0.00366104030054,0.035334,2.814696,nan,nan,nan,8.27504726442,0.000448514268868,0.00704051724138,27.6292434558,1.48727243183,8.01173758039
2016-07-05 14:45:14,48.7381,-37.5372,568.0,5.077,34.946,-0.00366104030271,0.029445,2.844576,nan,nan,nan,8.28659567112,0.000484355804695,0.00450215517241,27.6315962235,2.7568513139,8.60482121641
2016-07-05 14:45:14,48.7381,-37.5372,572.0,5.062,34.946,-0.00366104030534,0.031408,2.832624,nan,nan,nan,8.29381644305,0.000454785842649,0.00534827586207,27.6333863936,1.70942411832,8.11551571645
2016-07-05 14:45:14,48.7381,-37.5372,576.0,5.052,34.946,-0.00366104030729,0.027482,2.8386,nan,nan,nan,8.30479360504,0.00044421588255,0.00365603448276,27.6345939665,1.3350149917,7.94061053387
2016-07-05 14:45:14,48.7381,-37.5372,580.0,5.036,34.946,-0.0036610403101,0.035334,2.8386,nan,nan,nan,8.31638961484,0.000505374170962,0.00704051724138,27.6364952791,3.50136388381,8.95262018208
2016-07-05 14:45:14,48.7381,-37.5372,584.0,5.027,34.947,-0.00366104031169,0.029445,2.8386,nan,nan,nan,8.32405908274,0.000494803461161,0.00450215517241,27.6383768033,3.12692820126,8.7777025939
2016-07-05 14:45:14,48.7381,-37.5372,588.0,5.018,34.947,-0.00366104031347,0.033371,2.826648,nan,nan,nan,8.33377243742,0.000488455470797,0.00619439655172,27.6394644009,2.90206968655,8.67265996332
2016-07-05 14:45:14,48.7381,-37.5372,592.0,5.004,34.948,-0.00366104031589,0.031408,2.814696,nan,nan,nan,8.34786454863,0.000452554667925,0.00534827586207,27.6419211456,1.63039144723,8.07859561279
2016-07-05 14:45:14,48.7381,-37.5372,596.0,4.985,34.949,-0.00366104031903,0.035334,2.832624,nan,nan,nan,8.36696728877,0.000517924160198,0.00704051724138,27.6449516376,3.94590960253,9.160289666
2016-07-05 14:45:14,48.7381,-37.5372,600.0,4.948,34.948,-0.00366104032506,0.033371,2.820672,nan,nan,nan,8.38716120902,0.000530512797302,0.00619439655172,27.6484591569,4.39182430602,9.36859867101
2016-07-05 14:45:14,48.7381,-37.5372,604.0,4.929,34.948,-0.00366104032834,0.031408,2.8386,nan,nan,nan,8.39348201267,0.00045451443163,0.00534827586207,27.6506837347,1.69981019721,8.11102457426
2016-07-05 14:45:14,48.7381,-37.5372,608.0,4.923,34.948,-0.00366104032955,0.033371,2.826648,nan,nan,nan,8.39980829864,0.000486152484686,0.00619439655172,27.6514151796,2.82049331256,8.63455156913
2016-07-05 14:45:14,48.7381,-37.5372,612.0,4.915,34.947,-0.0036610403312,0.033371,2.8386,nan,nan,nan,8.41129838197,0.000477699105949,0.00619439655172,27.6515798765,2.52105773091,8.49467026988
2016-07-05 14:45:14,48.7381,-37.5372,616.0,4.896,34.947,-0.00366104033448,0.033371,2.80872,nan,nan,nan,8.43083783905,0.000507201003703,0.00619439655172,27.6537930164,3.56607395316,8.98284948391
2016-07-05 14:45:14,48.7381,-37.5372,620.0,4.869,34.946,-0.00366104033925,0.035334,2.820672,nan,nan,nan,8.45472459882,0.000475499270823,0.00704051724138,27.6561192305,2.44313517108,8.45826875457
2016-07-05 14:45:14,48.7381,-37.5372,624.0,4.84,34.946,-0.00366104034379,0.029445,2.802744,nan,nan,nan,8.46306174047,0.000532410980409,0.00450215517241,27.6594568778,4.45906174806,9.40000863471
2016-07-05 14:45:14,48.7381,-37.5372,628.0,4.832,34.946,-0.00366104034537,0.031408,2.832624,nan,nan,nan,8.47009478767,0.000614685095109,0.00534827586207,27.6604063407,7.37337543897,10.7614299569
2016-07-05 14:45:14,48.7381,-37.5372,632.0,4.817,34.944,-0.00366104034801,0.033371,2.820672,nan,nan,nan,8.48482870998,0.000473289789813,0.00619439655172,27.6605605806,2.36487093474,8.42170762512
2016-07-05 14:45:14,48.7381,-37.5372,636.0,4.797,34.944,-0.0036610403515,0.037297,2.796768,nan,nan,nan,8.49632749115,0.000597739750779,0.00788663793103,27.6628637368,6.77313745208,10.481028847
2016-07-05 14:45:14,48.7381,-37.5372,640.0,4.779,34.942,-0.00366104035434,0.031408,2.820672,nan,nan,nan,8.50798049669,0.000498538446572,0.00534827586207,27.6633494245,3.25922885446,8.83950682958
2016-07-05 14:45:14,48.7381,-37.5372,644.1,4.762,34.941,-0.00366104035725,0.031408,2.814696,nan,nan,nan,8.51906429436,0.000511166767158,0.00534827586207,27.6645130981,3.70654922627,9.04847249239
2016-07-05 14:45:14,48.7381,-37.5372,648.0,4.75,34.942,-0.00366104035933,0.031408,2.80872,nan,nan,nan,8.53030142244,0.000460499550697,0.00534827586207,27.6666966679,1.91181508479,8.21006263432
2016-07-05 14:45:14,48.7381,-37.5372,652.0,4.734,34.942,-0.00366104036204,0.027482,2.796768,nan,nan,nan,8.53881943824,0.000487897168344,0.00365603448276,27.6685346386,2.88229349707,8.66342151857
2016-07-05 14:45:14,48.7381,-37.5372,656.0,4.722,34.941,-0.0036610403643,0.037297,2.814696,nan,nan,nan,8.55384982958,0.000589155842538,0.00788663793103,27.6691276795,6.46907825439,10.338987626
2016-07-05 14:45:14,48.7381,-37.5372,660.0,4.693,34.94,-0.00366104036922,0.031408,2.784816,nan,nan,nan,8.57066488022,0.000451949161561,0.00534827586207,27.6716190996,1.60894320083,8.06857606683
2016-07-05 14:45:14,48.7381,-37.5372,664.0,4.679,34.939,-0.00366104037135,0.031408,2.77884,nan,nan,nan,8.57425873713,0.000451923383783,0.00534827586207,27.6724288867,1.60803010035,8.06814951204
2016-07-05 14:45:14,48.7381,-37.5372,668.0,4.677,34.941,-0.00366104037172,0.031408,2.796768,nan,nan,nan,8.5763735864,0.0004835639616,0.00534827586207,27.674280824,2.7288026478,8.5917182851
2016-07-05 14:45:14,48.7381,-37.5372,672.0,4.677,34.942,-0.00366104037193,0.031408,2.790792,nan,nan,nan,8.5794411918,0.000498331284005,0.00534827586207,27.675115942,3.25189074202,8.83607883116
2016-07-05 14:45:14,48.7381,-37.5372,676.0,4.672,34.942,-0.00366104037301,0.031408,2.796768,nan,nan,nan,8.58801607102,0.000447680936174,0.00534827586207,27.675714448,1.45775412115,7.99794810478
2016-07-05 14:45:14,48.7381,-37.5372,680.0,4.648,34.94,-0.00366104037707,0.031408,2.790792,nan,nan,nan,8.59925253421,0.000481397558584,0.00534827586207,27.6768382912,2.65206432015,8.55586998373
2016-07-05 14:45:14,48.7381,-37.5372,684.0,4.63,34.938,-0.00366104038017,0.031408,2.796768,nan,nan,nan,8.60933744261,0.000513016365738,0.00534827586207,27.6772896696,3.77206570718,9.07907850929
2016-07-05 14:45:14,48.7381,-37.5372,688.0,4.609,34.937,-0.00366104038371,0.029445,2.77884,nan,nan,nan,8.62316009446,0.000468666034054,0.00450215517241,27.67886289,2.20108825826,8.3451965657
2016-07-05 14:45:14,48.7381,-37.5372,692.0,4.594,34.937,-0.00366104038633,0.033371,2.802744,nan,nan,nan,8.63295784917,0.000455975307253,0.00619439655172,27.6805620973,1.75155733351,8.13519824333
2016-07-05 14:45:14,48.7381,-37.5372,696.0,4.573,34.935,-0.00366104038984,0.031408,2.77884,nan,nan,nan,8.64106139998,0.000466487790253,0.00534827586207,27.6813317381,2.12393050636,8.30915233033
2016-07-05 14:45:14,48.7381,-37.5372,700.0,4.563,34.935,-0.00366104039132,0.031408,2.784816,nan,nan,nan,8.64298195617,0.000466467293606,0.00534827586207,27.6824738695,2.12320447411,8.30881316445
2016-07-05 14:45:14,48.7381,-37.5372,704.0,4.563,34.936,-0.00366104039134,0.035334,2.772864,nan,nan,nan,8.64456145172,0.000472794585999,0.00704051724138,27.6833086564,2.34732982525,8.41351329774
2016-07-05 14:45:14,48.7381,-37.5372,708.0,4.554,34.935,-0.00366104039287,0.035334,2.77884,nan,nan,nan,8.64906699058,0.000458008809637,0.00704051724138,27.6835445087,1.82358805496,8.16884738698
2016-07-05 14:45:14,48.7381,-37.5372,712.0,4.548,34.935,-0.00366104039394,0.031408,2.77884,nan,nan,nan,8.65077596525,0.000485426587012,0.00534827586207,27.6842413904,2.79478056515,8.62253986198
2016-07-05 14:45:14,48.7381,-37.5372,716.0,4.55,34.936,-0.00366104039381,0.031408,2.784816,nan,nan,nan,8.65143829844,0.000445337834972,0.00534827586207,27.6848531024,1.37475679036,7.95917591077
2016-07-05 14:45:14,48.7381,-37.5372,720.0,4.541,34.936,-0.00366104039532,0.037297,2.784816,nan,nan,nan,8.65856745112,0.000491739511767,0.00788663793103,27.6858791047,3.01839698582,8.72700224847
2016-07-05 14:45:14,48.7381,-37.5372,724.0,4.528,34.936,-0.00366104039748,0.027482,2.784816,nan,nan,nan,8.66253579781,0.000506482861432,0.00365603448276,27.6873427149,3.54063591763,8.97096610839
2016-07-05 14:45:14,48.7381,-37.5372,728.0,4.521,34.936,-0.0036610403987,0.031408,2.772864,nan,nan,nan,8.66712716988,0.000451608302827,0.00534827586207,27.6881470947,1.59686930272,8.06293574665
2016-07-05 14:45:14,48.7381,-37.5372,732.0,4.511,34.936,-0.0036610404005,0.031408,2.790792,nan,nan,nan,8.67431422354,0.000464247784843,0.00534827586207,27.6892791655,2.04458503471,8.27208610192
2016-07-05 14:45:14,48.7381,-37.5372,736.0,4.496,34.935,-0.00366104040307,0.029445,2.784816,nan,nan,nan,8.68160475009,0.00045155961434,0.00450215517241,27.6901619795,1.59514465915,8.06213007959
2016-07-05 14:45:14,48.7381,-37.5372,740.0,4.484,34.935,-0.00366104040494,0.029445,2.784816,nan,nan,nan,8.68463026567,0.000472634974997,0.00450215517241,27.6915090562,2.34167608434,8.41087215329
2016-07-05 14:45:14,48.7381,-37.5372,744.0,4.478,34.936,-0.00366104040575,0.029445,2.790792,nan,nan,nan,8.68482342534,0.000453629824852,0.00450215517241,27.6929947997,1.66847565592,8.09638664672
2016-07-05 14:45:14,48.7381,-37.5372,748.0,4.474,34.936,-0.00366104040638,0.029445,2.772864,nan,nan,nan,8.68534927423,0.000504261743961,0.00450215517241,27.6934677614,3.4619594946,8.93421242597
2016-07-05 14:45:14,48.7381,-37.5372,752.0,4.472,34.938,-0.00366104040655,0.03926,2.772864,nan,nan,nan,8.67420706307,0.000500032148563,0.00873275862069,27.695311494,3.31213876642,8.86422368917
2016-07-05 14:45:14,48.7381,-37.5372,756.0,4.495,34.942,-0.00366104040283,0.029445,2.77884,nan,nan,nan,8.6626106926,0.000434658396423,0.00450215517241,27.6960173332,0.996469718106,7.78245914631
2016-07-05 14:45:14,48.7381,-37.5372,760.0,4.51,34.945,-0.00366104040045,0.029445,2.77884,nan,nan,nan,8.65512493891,0.000426241046703,0.00450215517241,27.6967980946,0.698310356306,7.64317403302
2016-07-05 14:45:14,48.7381,-37.5372,764.0,4.517,34.947,-0.0036610403996,0.029445,2.77884,nan,nan,nan,8.65761579014,0.000419919963867,0.00450215517241,27.6976580914,0.474404960108,7.53857665166
2016-07-05 14:45:14,48.7381,-37.5372,768.0,4.507,34.947,-0.0036610404013,0.029445,2.772864,nan,nan,nan,8.66165851491,0.000510629687105,0.00450215517241,27.6987895415,3.68752477664,9.03958522283
2016-07-05 14:45:14,48.7381,-37.5372,772.0,4.496,34.947,-0.00366104040321,0.031408,2.784816,nan,nan,nan,8.66475086188,0.000424096775325,0.00534827586207,27.7000289248,0.622355975549,7.60769195235
2016-07-05 14:45:14,48.7381,-37.5372,776.0,4.489,34.947,-0.00366104040443,0.029445,2.77884,nan,nan,nan,8.66724493458,0.000495822591669,0.00450215517241,27.7008303725,3.16302784209,8.79456653717
2016-07-05 14:45:14,48.7381,-37.5372,780.0,4.485,34.947,-0.00366104040521,0.027482,2.77884,nan,nan,nan,8.67340340865,0.000407194071105,0.00365603448276,27.7013040219,0.0236283866977,7.32799642465
2016-07-05 14:45:14,48.7381,-37.5372,784.0,4.468,34.946,-0.00366104040799,0.027482,2.766888,nan,nan,nan,8.6816583833,0.000432481848237,0.00365603448276,27.7023992062,0.919372028251,7.74644296892
2016-07-05 14:45:14,48.7381,-37.5372,788.0,4.448,34.943,-0.00366104041124,0.027482,2.760912,nan,nan,nan,8.68272040029,0.000411348713202,0.00365603448276,27.7022276192,0.170794119047,7.39674488043
2016-07-05 14:45:14,48.7381,-37.5372,792.0,4.448,34.945,-0.00366104041109,0.031408,2.77884,nan,nan,nan,8.67819446972,0.000480973474221,0.00534827586207,27.7038536783,2.63704240387,8.54885249718
2016-07-05 14:45:14,48.7381,-37.5372,796.0,4.46,34.947,-0.00366104040944,0.025519,2.77884,nan,nan,nan,8.67581463183,0.000453562687512,0.0028099137931,27.7041756281,1.66609751704,8.0952756994
2016-07-05 14:45:14,48.7381,-37.5372,800.0,4.45,34.947,-0.00366104041113,0.025519,2.772864,nan,nan,nan,8.68236637783,0.000489412168486,0.0028099137931,27.7052996525,2.93595783211,8.68849080682
2016-07-05 14:45:14,48.7381,-37.5372,804.0,4.436,34.947,-0.00366104041336,0.031408,2.77884,nan,nan,nan,8.68104698755,0.000398652972819,0.00534827586207,27.7068563036,-0.278914396797,7.1866635964
2016-07-05 14:45:14,48.7381,-37.5372,808.0,4.44,34.948,-0.00366104041282,0.025519,2.77884,nan,nan,nan,8.68248438345,0.000411318544035,0.0028099137931,27.7072540232,0.169725466816,7.39624565966
2016-07-05 14:45:14,48.7381,-37.5372,812.0,4.434,34.948,-0.00366104041382,0.027482,2.77884,nan,nan,nan,8.68090755343,0.000428186204879,0.00365603448276,27.7079410757,0.767211749219,7.67536131119
2016-07-05 14:45:14,48.7381,-37.5372,816.0,4.429,34.948,-0.00366104041474,0.029445,2.784816,nan,nan,nan,8.68158329692,0.000483036048977,0.00450215517241,27.7085192986,2.71010292686,8.58298271251
2016-07-05 14:45:14,48.7381,-37.5372,820.0,4.43,34.948,-0.00366104041463,0.031408,2.77884,nan,nan,nan,8.68463026568,0.000396527839693,0.00534827586207,27.708447242,-0.354190862379,7.15149820373
2016-07-05 14:45:14,48.7381,-37.5372,824.0,4.418,34.947,-0.00366104041675,0.029445,2.77884,nan,nan,nan,8.69043797085,0.000423935853796,0.00450215517241,27.7089883501,0.616655813165,7.60502912212
2016-07-05 14:45:14,48.7381,-37.5372,828.0,4.409,34.946,-0.00366104041824,0.031408,2.77884,nan,nan,nan,8.69056684364,0.000590610502037,0.00534827586207,27.7092033365,6.52060520315,10.3630584345
2016-07-05 14:45:14,48.7381,-37.5372,832.0,4.406,34.947,-0.00366104041864,0.029445,2.772864,nan,nan,nan,8.6921779413,0.000392260931799,0.00450215517241,27.7103583941,-0.505333273832,7.08089204274
2016-07-05 14:45:14,48.7381,-37.5372,836.0,4.401,34.946,-0.00366104041956,0.025519,2.77884,nan,nan,nan,8.69429437776,0.00039647332961,0.0028099137931,27.7101400669,-0.356121718556,7.15059620448
2016-07-05 14:45:14,48.7381,-37.5372,840.0,4.396,34.946,-0.00366104042052,0.029445,2.772864,nan,nan,nan,8.69835703766,0.000444993134228,0.00450215517241,27.710716029,1.36254680064,7.95347201541
2016-07-05 14:45:14,48.7381,-37.5372,844.0,4.384,34.945,-0.00366104042256,0.025519,2.790792,nan,nan,nan,8.7005074873,0.000419650933413,0.0028099137931,27.7112516648,0.46487536335,7.53412490157
2016-07-05 14:45:14,48.7381,-37.5372,848.0,4.38,34.945,-0.00366104042315,0.027482,2.772864,nan,nan,nan,8.69930315924,0.000411202618772,0.00365603448276,27.7117187635,0.165619162148,7.39432739988
2016-07-05 14:45:14,48.7381,-37.5372,852.1,4.379,34.945,-0.0036610404236,0.029445,2.760912,nan,nan,nan,8.69964723316,0.000413310553262,0.00450215517241,27.7118635018,0.240286417655,7.42920820013
2016-07-05 14:45:14,48.7381,-37.5372,856.0,4.372,34.945,-0.00366104042477,0.029445,2.772864,nan,nan,nan,8.70265855606,0.000387975963622,0.00450215517241,27.7126523007,-0.657115416575,7.00998703134
2016-07-05 14:45:14,48.7381,-37.5372,860.0,4.367,34.945,-0.00366104042569,0.025519,2.790792,nan,nan,nan,8.70653204082,0.000396405623413,0.0028099137931,27.7132262893,-0.358520007482,7.14947584407
2016-07-05 14:45:14,48.7381,-37.5372,864.0,4.358,34.945,-0.00366104042734,0.029445,2.77884,nan,nan,nan,8.71234603385,0.000394276948421,0.00450215517241,27.7142297612,-0.433921933041,7.11425184278
2016-07-05 14:45:14,48.7381,-37.5372,868.0,4.339,34.943,-0.00366104043039,0.025519,2.772864,nan,nan,nan,8.72010506205,0.000402682999395,0.0028099137931,27.7147151665,-0.136162795415,7.25334999139
2016-07-05 14:45:14,48.7381,-37.5372,872.0,4.334,34.943,-0.00366104043142,0.029445,2.772864,nan,nan,nan,8.72183038384,0.0003984525995,0.00450215517241,27.7152869283,-0.286012020503,7.18334794226
2016-07-05 14:45:14,48.7381,-37.5372,876.0,4.318,34.942,-0.0036610404341,0.029445,2.760912,nan,nan,nan,8.72733250282,0.000491262372556,0.00450215517241,27.7162405093,3.00149576069,8.71910684299
2016-07-05 14:45:14,48.7381,-37.5372,880.0,4.309,34.941,-0.00366104043565,0.027482,2.766888,nan,nan,nan,8.72862770695,0.00039629608411,0.00365603448276,27.7164433454,-0.36240010867,7.14766325522
2016-07-05 14:45:14,48.7381,-37.5372,884.0,4.302,34.941,-0.00366104043691,0.027482,2.754936,nan,nan,nan,8.731283576,0.000398391524362,0.00365603448276,27.7172265644,-0.288175424043,7.18233730853
2016-07-05 14:45:14,48.7381,-37.5372,888.0,4.297,34.941,-0.00366104043785,0.027482,2.772864,nan,nan,nan,8.73295747324,0.000404711136341,0.00365603448276,27.7177958238,-0.0643221285258,7.28691035107
2016-07-05 14:45:14,48.7381,-37.5372,892.0,4.28,34.94,-0.00366104044062,0.025519,2.766888,nan,nan,nan,8.73748426856,0.000417338501457,0.0028099137931,27.7188481396,0.382964398612,7.49586020335
2016-07-05 14:45:14,48.7381,-37.5372,896.0,4.272,34.939,-0.00366104044209,0.027482,2.766888,nan,nan,nan,8.73775445024,0.000402554514239,0.00365603448276,27.7189400413,-0.140713996626,7.25122389824
2016-07-05 14:45:14,48.7381,-37.5372,900.0,4.268,34.939,-0.00366104044282,0.029445,2.766888,nan,nan,nan,8.73888931965,0.00038144610661,0.00450215517241,27.7194009725,-0.888416011643,6.90193498363
2016-07-05 14:45:14,48.7381,-37.5372,904.0,4.263,34.939,-0.00366104044369,0.025519,2.766888,nan,nan,nan,8.73992706497,0.000389875705333,0.0028099137931,27.7199679251,-0.589822765712,7.04142278584
2016-07-05 14:45:14,48.7381,-37.5372,908.0,4.255,34.938,-0.003661040445,0.025519,2.77884,nan,nan,nan,8.73979733895,0.000379311716045,0.0028099137931,27.7200579436,-0.964020394247,6.86661640456
2016-07-05 14:45:14,48.7381,-37.5372,912.0,4.248,34.938,-0.00366104044619,0.029445,2.766888,nan,nan,nan,8.74148395243,0.000375077091663,0.00450215517241,27.7208355739,-1.11401925911,6.79654445123
2016-07-05 14:45:14,48.7381,-37.5372,915.9,4.243,34.938,-0.00366104044716,0.027482,2.760912,nan,nan,nan,8.74148395243,0.000372956644982,0.00365603448276,27.7213995711,-1.18912972144,6.76145660696
2016-07-05 14:45:14,48.7381,-37.5372,920.0,4.231,34.937,-0.00366104044918,0.025519,2.766888,nan,nan,nan,8.7396784254,0.000408804427482,0.0028099137931,27.72191095,0.0806704302653,7.35464360907
2016-07-05 14:45:14,48.7381,-37.5372,924.0,4.229,34.938,-0.00366104044959,0.025519,2.760912,nan,nan,nan,8.74018652376,0.0003687073838,0.0028099137931,27.7229524501,-1.33964705103,6.69114245289
2016-07-05 14:45:14,48.7381,-37.5372,928.0,4.227,34.937,-0.00366104045001,0.027482,2.784816,nan,nan,nan,8.74016490185,0.000381365980346,0.00365603448276,27.7224036439,-0.891254244177,6.90060910361
2016-07-05 14:45:14,48.7381,-37.5372,932.0,4.221,34.937,-0.00366104045115,0.029445,2.766888,nan,nan,nan,8.73847858516,0.000377133423726,0.00450215517241,27.7230727658,-1.04117986478,6.83057136633
2016-07-05 14:45:14,48.7381,-37.5372,936.0,4.213,34.937,-0.0036610404525,0.027482,2.766888,nan,nan,nan,8.73787333326,0.000364456652475,0.00365603448276,27.723952606,-1.49021645604,6.62080397179
2016-07-05 14:45:14,48.7381,-37.5372,940.0,4.21,34.937,-0.00366104045297,0.027482,2.766888,nan,nan,nan,8.7382408018,0.000358120356244,0.00365603448276,27.724304019,-1.71466074111,6.51595484855
2016-07-05 14:45:14,48.7381,-37.5372,944.0,4.206,34.937,-0.00366104045369,0.023556,2.77884,nan,nan,nan,8.73776525771,0.000358111986494,0.00196379310345,27.7247608061,-1.7149572144,6.51581635109
2016-07-05 14:45:14,48.7381,-37.5372,948.0,4.199,34.937,-0.00366104045514,0.023556,2.766888,nan,nan,nan,8.73992706497,0.000410847502925,0.00196379310345,27.7255336366,0.153040248592,7.38845116179
2016-07-05 14:45:14,48.7381,-37.5372,952.0,4.184,34.936,-0.00366104045754,0.025519,2.772864,nan,nan,nan,8.74215437858,0.000377058716758,0.0028099137931,27.7263527053,-1.043826135,6.82933516149
2016-07-05 14:45:14,48.7381,-37.5372,956.0,4.175,34.935,-0.00366104045905,0.029445,2.766888,nan,nan,nan,8.74280323519,0.000355942524981,0.00450215517241,27.7265384582,-1.79180388012,6.47991743959
2016-07-05 14:45:14,48.7381,-37.5372,960.0,4.169,34.935,-0.0036610404599,0.025519,2.766888,nan,nan,nan,8.74184078469,0.000353819938157,0.0028099137931,27.7272033884,-1.8669901506,6.44479418155
2016-07-05 14:45:14,48.7381,-37.5372,964.0,4.169,34.935,-0.00366104046012,0.025519,2.77884,nan,nan,nan,8.74148395243,0.000353819938157,0.0028099137931,27.7272379318,-1.8669901506,6.44479418155
2016-07-05 14:45:14,48.7381,-37.5372,968.0,4.168,34.935,-0.00366104046026,0.023556,2.784816,nan,nan,nan,8.73851101076,0.000364367874673,0.00196379310345,27.7273775046,-1.49336114334,6.61933493147
2016-07-05 14:45:14,48.7381,-37.5372,972.0,4.164,34.935,-0.00366104046104,0.025519,2.790792,nan,nan,nan,8.73920279008,0.00037490951869,0.0028099137931,27.7278319661,-1.11995502898,6.79377155699
2016-07-05 14:45:14,48.7381,-37.5372,976.0,4.16,34.935,-0.00366104046166,0.025519,2.790792,nan,nan,nan,8.73946222378,0.000362241086836,0.0028099137931,27.7282862066,-1.56869622209,6.58414215766
2016-07-05 14:45:14,48.7381,-37.5372,980.0,4.156,34.934,-0.00366104046226,0.027482,2.796768,nan,nan,nan,8.74052167132,0.000358015418275,0.00365603448276,27.7279448857,-1.71837785386,6.51421839973
2016-07-05 14:45:14,48.7381,-37.5372,984.0,4.153,34.934,-0.00366104046279,0.025519,2.802744,nan,nan,nan,8.73751668986,0.000372779169094,0.0028099137931,27.7282938846,-1.19541627234,6.7585198454
2016-07-05 14:45:14,48.7381,-37.5372,988.0,4.152,34.934,-0.00366104046311,0.027482,2.80872,nan,nan,nan,8.73757072565,0.000406537177683,0.00365603448276,27.7284332331,0.000359907879753,7.31712655731
2016-07-05 14:45:14,48.7381,-37.5372,992.0,4.147,34.934,-0.00366104046372,0.025519,2.790792,nan,nan,nan,8.73499905422,0.000471936889381,0.0028099137931,27.7289915079,2.31694849566,8.39932066294
2016-07-05 14:45:14,48.7381,-37.5372,994.5,4.145,34.934,nan,nan,nan,nan,nan,nan,nan,nan,nan,27.729222498,nan,nan
