datetime,lat,lon,p,t,s,fchl,fdom,par,ed380,ed412,ed490,chla_adj,bbp,sigma,poc,cphyto
2013-09-13 15:28:45,58.07541866666667,-54.151582999999995,0.4,7.517,34.313,nan,nan,391.967743276,17.6431776249,31.1136896936,36.9873614217,0.680775850234,nan,26.8068709321,nan,nan
2013-09-13 15:28:45,58.07541866666667,-54.151582999999995,0.9,7.516,34.315,0.532799990848,2.36790005118,391.967743276,17.6431776249,31.1136896936,36.9873614217,0.680775850234,0.00177307650099,26.808592877,48.4059158182,29.9297767111
2013-09-13 15:28:45,58.07541866666667,-54.151582999999995,1.3,7.516,34.315,0.561599990353,3.06950006634,266.001470932,13.761061273,23.5458651299,27.1672298203,0.680775850234,0.00164328912602,26.8085978408,43.8085874219,27.7821352532
2013-09-13 15:28:45,58.07541866666667,-54.151582999999995,1.8,7.518,34.313,0.611999989487,2.01710004359,266.001470932,13.761061273,23.5458651299,27.1672298203,0.680775850234,0.00156542318803,26.8067451588,41.0504201663,26.4936577211
2013-09-13 15:28:45,58.07541866666667,-54.151582999999995,2.3,7.517,34.315,0.619199989364,1.31550002843,317.175688587,14.0178656576,27.3248640315,37.6511592632,0.680775850234,0.0017471202865,26.8084671104,47.4864947884,29.5002692775
2013-09-13 15:28:45,58.07541866666667,-54.151582999999995,2.8,7.516,34.316,0.691199988127,1.22780002654,317.175688587,14.0178656576,27.3248640315,37.6511592632,0.680775850234,0.00150052103052,26.8094027591,38.7514559431,25.4196968355
2013-09-13 15:28:45,58.07541866666667,-54.151582999999995,3.3,7.515,34.316,0.698399988003,1.66630003601,317.175688587,14.0178656576,27.3248640315,37.6511592632,0.680775850234,0.00156541345741,26.8095520966,41.0500754883,26.4934967049
2013-09-13 15:28:45,58.07541866666667,-54.151582999999995,3.9,7.511,34.316,0.698399988003,2.01710004359,318.853025976,13.6972683259,27.8511390729,39.5547555189,0.680775850234,0.00148753598924,26.8101319525,38.2914998108,25.2048283785
2013-09-13 15:28:45,58.07541866666667,-54.151582999999995,4.6,7.508,34.315,0.755999987014,2.71870005876,318.853025976,13.6972683259,27.8511390729,39.5547555189,0.680775850234,0.00150051292667,26.8097835022,38.7511688885,25.419562738
2013-09-13 15:28:45,58.07541866666667,-54.151582999999995,5.1,7.509,34.316,0.734399987385,1.31550002843,171.650730059,7.84382245637,15.9831689908,23.1269277669,0.680775850234,0.00157838462965,26.8104329728,41.5095403514,26.7081356654
2013-09-13 15:28:45,58.07541866666667,-54.151582999999995,5.7,7.506,34.316,0.76319998689,1.22780002654,171.650730059,7.84382245637,15.9831689908,23.1269277669,0.680775850234,0.00151348715845,26.8108695294,39.2107421268,25.634252326
2013-09-13 15:28:45,58.07541866666667,-54.151582999999995,6.3,7.508,34.315,0.799199986272,1.22780002654,171.650730059,7.84382245637,15.9831689908,23.1269277669,0.680775850234,0.00291519531388,26.809804583,88.8620484084,48.8288546296
2013-09-13 15:28:45,58.07541866666667,-54.151582999999995,7.2,7.509,34.316,0.89999998454,4.38500009477,171.417092449,6.97205066798,15.0974594852,24.1917678279,0.680775850234,0.00147455472967,26.8104590218,37.8316776343,24.9900224991
2013-09-13 15:28:45,58.07541866666667,-54.151582999999995,7.9,7.512,34.316,0.971999983303,1.22780002654,171.417092449,6.97205066798,15.0974594852,24.1917678279,0.680775850234,0.00151349472515,26.8100385076,39.2110101542,25.634377535
2013-09-13 15:28:45,58.07541866666667,-54.151582999999995,8.4,7.516,34.315,0.964799983427,1.9294000417,133.527538127,5.33275104401,11.8383504019,19.5680598411,0.680775850234,0.00147456553855,26.8086859975,37.8320605067,24.9902013578
2013-09-13 15:28:45,58.07541866666667,-54.151582999999995,9.1,7.516,34.316,0.964799983427,1.9294000417,133.527538127,5.33275104401,11.8383504019,19.5680598411,0.680775850234,0.00147456355552,26.8094809979,37.8319902638,24.9901685439
2013-09-13 15:28:45,58.07541866666667,-54.151582999999995,9.7,7.517,34.315,1.05119998194,1.22780002654,103.624682869,3.7106273967,8.78485070543,15.9236130793,0.680775850234,0.00151350301155,26.8085590233,39.211303675,25.6345146532
2013-09-13 15:28:45,58.07541866666667,-54.151582999999995,10.4,7.516,34.315,1.05119998194,1.22780002654,103.624682869,3.7106273967,8.78485070543,15.9236130793,0.680775850234,0.00151350175105,26.8087127691,39.2112590256,25.6344937952
2013-09-13 15:28:45,58.07541866666667,-54.151582999999995,11.6,7.52,34.316,1.18079997972,1.57860003412,162.931941816,4.34890302232,11.7219814654,25.9249975357,0.680775850234,0.00152648354711,26.8089471932,39.6711002056,25.8493085522
2013-09-13 15:28:45,58.07541866666667,-54.151582999999995,12.5,7.517,34.316,1.339199977,1.22780002654,162.931941816,4.34890302232,11.7219814654,25.9249975357,0.680775850234,0.0022013741159,26.8093921444,63.5770739332,37.0169815667
2013-09-13 15:28:45,58.07541866666667,-54.151582999999995,13.5,7.518,34.316,1.339199977,1.22780002654,137.524396607,3.28760732764,9.40156961511,22.7340658814,0.680775850234,0.00220137537633,26.8092662531,63.5771185805,37.0170024236
2013-09-13 15:28:45,58.07541866666667,-54.151582999999995,14.7,7.518,34.316,1.50479997415,1.22780002654,113.564528654,2.68428780012,7.73828369229,18.9362516139,0.680775850234,0.00155243850146,26.8092869456,40.5904765989,26.2787951339
2013-09-13 15:28:45,58.07541866666667,-54.151582999999995,15.6,7.52,34.316,1.6127999723,1.8417000398,113.564528654,2.68428780012,7.73828369229,18.9362516139,0.680775850234,0.00151350480961,26.8090161813,39.211367366,25.6345444064
2013-09-13 15:28:45,58.07541866666667,-54.151582999999995,16.5,7.518,34.316,1.6127999723,1.8417000398,74.5889700602,1.72472604743,5.07657881315,12.7401097802,0.686982746679,0.00151350228897,26.8093179892,39.21127808,25.6345026965
2013-09-13 15:28:45,58.07541866666667,-54.151582999999995,17.6,7.517,34.316,1.58399997279,1.75400003791,69.4510660936,1.37051016601,4.36189045532,12.186937658,0.674568953789,0.00160435219102,26.8094800852,42.4293633102,27.1378308601
2013-09-13 15:28:45,58.07541866666667,-54.151582999999995,18.3,7.516,34.316,1.63439997192,2.19250004739,69.4510660936,1.37051016601,4.36189045532,12.186937658,0.696293091347,0.0015783934555,26.8096352689,41.5098529809,26.7082817102
2013-09-13 15:28:45,58.07541866666667,-54.151582999999995,19.2,7.519,34.316,1.63439997192,2.19250004739,75.2090624729,1.34301420223,4.47251141866,13.4416790126,0.696293091347,0.00157839723682,26.8092214361,41.5099869226,26.7083442811
2013-09-13 15:28:45,58.07541866666667,-54.151582999999995,20.3,7.502,34.316,1.82879996859,1.8417000398,68.4819208441,1.06374107606,3.84030628217,12.807155231,0.780086193356,0.00168220569986,26.8116736082,45.1870903005,28.4261027223
2013-09-13 15:28:45,58.07541866666667,-54.151582999999995,21.5,7.512,34.314,1.97279996611,1.9294000417,63.8892007949,0.892066135618,3.39702061118,12.1245699687,0.842155157807,0.00196775450378,26.8086976835,55.3018000327,33.1511882684
2013-09-13 15:28:45,58.07541866666667,-54.151582999999995,22.1,7.511,34.316,1.97279996611,1.9294000417,63.8892007949,0.892066135618,3.39702061118,12.1245699687,0.842155157807,0.00196774927664,26.8104267396,55.3016148772,33.151101773
2013-09-13 15:28:45,58.07541866666667,-54.151582999999995,23.2,7.516,34.314,1.82159996871,2.01710004359,40.9437787082,0.603873268363,2.22504948496,7.63903223761,0.776982745133,0.00172116353406,26.8081632901,46.5670547035,29.0707529423
2013-09-13 15:28:45,58.07541866666667,-54.151582999999995,24.6,7.518,34.315,1.84319996834,1.8417000398,34.3477209139,0.470500580244,1.78535940877,6.40227869357,0.786293089801,0.00155244048446,26.8086946116,40.5905468406,26.2788279473
2013-09-13 15:28:45,58.07541866666667,-54.151582999999995,25.7,7.519,34.316,1.73519997019,1.75400003791,33.014256391,0.418060110649,1.62826482945,6.20479136728,0.739741366463,0.00160435471181,26.8093623331,42.4294526018,27.1378725727
2013-09-13 15:28:45,58.07541866666667,-54.151582999999995,26.2,7.512,34.315,1.73519997019,1.75400003791,33.014256391,0.418060110649,1.62826482945,6.20479136728,0.739741366463,0.00160434787073,26.8095887352,42.4292102769,27.1377593706
2013-09-13 15:28:45,58.07541866666667,-54.151582999999995,27.3,7.514,34.315,1.81439996883,1.9294000417,27.3408688878,0.329524975913,1.30508530088,5.05869737396,0.773879296911,0.00166924407977,26.8093271524,44.7279637937,28.2116218248
2013-09-13 15:28:45,58.07541866666667,-54.151582999999995,28.4,7.514,34.315,1.87199996784,1.40320003033,22.3498581242,0.224781901158,0.964487881342,4.1894021419,0.798706882691,0.00161732912978,26.8093516767,42.8890324352,27.3525652416
2013-09-13 15:28:45,58.07541866666667,-54.151582999999995,29.0,7.512,34.315,1.87199996784,1.40320003033,22.3498581242,0.224781901158,0.964487881342,4.1894021419,0.798706882691,0.00161732660822,26.8096511477,42.8889431165,27.3525235164
2013-09-13 15:28:45,58.07541866666667,-54.151582999999995,30.1,7.51,34.313,1.82879996859,1.31550002843,27.1237042289,0.230792088001,1.07672492625,5.29296321666,0.780086193356,0.00150051941521,26.8083889173,38.7513987254,25.4196701062
2013-09-13 15:28:45,58.07541866666667,-54.151582999999995,31.3,7.515,34.312,1.78559996933,1.75400003791,17.5550186582,0.154471566522,0.689433729693,3.26285251089,0.76146550402,0.00183797487719,26.8069125545,50.7047460999,31.003675026
2013-09-13 15:28:45,58.07541866666667,-54.151582999999995,31.9,7.486,34.314,1.78559996933,1.75400003791,17.5550186582,0.154471566522,0.689433729693,3.26285251089,0.76146550402,0.00183793431993,26.8126419074,50.7033094805,31.0030039094
2013-09-13 15:28:45,58.07541866666667,-54.151582999999995,32.9,7.486,34.314,1.82879996859,2.19250004739,13.1384658877,0.109680553362,0.484342661698,2.33872306301,0.780086193356,0.00165623199496,26.812662789,44.2670497256,27.9963058683
2013-09-13 15:28:45,58.07541866666667,-54.151582999999995,33.4,7.458,34.313,1.82879996859,2.19250004739,13.1384658877,0.109680553362,0.484342661698,2.33872306301,0.780086193356,0.00165619858606,26.8158792227,44.2658663156,27.9957530384
2013-09-13 15:28:45,58.07541866666667,-54.151582999999995,34.3,7.45,34.315,1.87919996772,1.9294000417,10.9567891368,0.0869229111602,0.382688835212,1.87569968266,0.801810330914,0.00166916323159,26.8186100134,44.7250999892,28.2102839988
2013-09-13 15:28:45,58.07541866666667,-54.151582999999995,35.1,7.446,34.314,1.85039996821,1.9294000417,9.88671086304,0.0714599659568,0.321292671049,1.65841262496,0.789396538023,0.00168213888944,26.8184094712,45.1847237418,28.4249971846
2013-09-13 15:28:45,58.07541866666667,-54.151582999999995,35.5,7.446,34.314,1.85039996821,1.9294000417,9.88671086304,0.0714599659568,0.321292671049,1.65841262496,0.789396538023,0.00168213888944,26.8184177922,45.1847237418,28.4249971846
2013-09-13 15:28:45,58.07541866666667,-54.151582999999995,36.1,7.451,34.313,1.86479996797,2.01710004359,9.61369260242,0.0741383996994,0.319846412186,1.57812994131,0.795603434469,0.00169512594066,26.8169321721,45.64475107,28.6398989007
2013-09-13 15:28:45,58.07541866666667,-54.151582999999995,36.8,7.451,34.313,1.90799996722,2.10480004549,9.39487501791,0.0635454936856,0.28750846229,1.55544684956,0.814224123804,0.00163023225317,26.8169467423,43.3460868718,27.5660781717
2013-09-13 15:28:45,58.07541866666667,-54.151582999999995,37.5,7.449,34.313,1.8863999676,2.10480004549,9.32490116886,0.0625033439362,0.280177597658,1.53857537276,0.804913779136,0.00212342174652,26.817245986,60.8158451053,35.7270738215
2013-09-13 15:28:45,58.07541866666667,-54.151582999999995,38.0,7.449,34.313,1.84319996834,1.8417000398,9.2936484083,0.0581664976416,0.268459277614,1.54000213381,0.786293089801,0.00169512340911,26.8172563924,45.6446613975,28.6398570102
2013-09-13 15:28:45,58.07541866666667,-54.151582999999995,38.5,7.439,34.312,1.87199996784,1.75400003791,13.0300645355,0.0674713810295,0.350664531817,2.45479111473,0.798706882691,0.00170809146847,26.817902979,46.1040159963,28.8544444609
2013-09-13 15:28:45,58.07541866666667,-54.151582999999995,38.7,7.439,34.312,1.87199996784,1.75400003791,13.0300645355,0.0674713810295,0.350664531817,2.45479111473,0.798706882691,0.00170809146847,26.8179071375,46.1040159963,28.8544444609
2013-09-13 15:28:45,58.07541866666667,-54.151582999999995,39.1,7.439,34.312,1.93679996673,1.9294000417,12.5131532867,0.0585614748554,0.317026636109,2.3653204403,0.826637916694,0.00169511273098,26.8179154548,45.6442831566,28.6396803151
2013-09-13 15:28:45,58.07541866666667,-54.151582999999995,39.7,7.44,34.312,1.95119996648,1.66630003601,13.0510981139,0.0590495325152,0.324114936384,2.50247455308,0.832844813139,0.00166915652258,26.8177857168,44.7248623427,28.2101729823
2013-09-13 15:28:45,58.07541866666667,-54.151582999999995,40.3,7.436,34.307,1.86479996797,2.01710004359,14.7568931699,0.0649891187177,0.369878007517,2.89935857987,0.795603434469,0.00160426769083,26.8144338514,42.4263701447,27.1364326032
2013-09-13 15:28:45,58.07541866666667,-54.151582999999995,40.8,7.436,34.307,1.85759996809,1.66630003601,11.9329603254,0.0539803362957,0.293137504245,2.22739272301,0.792499986246,0.00160426769083,26.8144433105,42.4263701447,27.1364326032
2013-09-13 15:28:45,58.07541866666667,-54.151582999999995,41.4,7.445,34.304,1.82879996859,1.8417000398,9.96565716207,0.0431306687494,0.22949077432,1.7746284992,0.780086193356,0.0017989661046,26.810815296,49.3229773571,30.3581819088
2013-09-13 15:28:45,58.07541866666667,-54.151582999999995,41.7,7.445,34.304,1.90799996722,1.8417000398,9.96565716207,0.0431306687494,0.22949077432,1.7746284992,0.814224123804,0.00160428504214,26.8108209772,42.4269847626,27.1367197219
2013-09-13 15:28:45,58.07541866666667,-54.151582999999995,42.0,7.445,34.304,1.90799996722,1.8417000398,10.46455112,0.045076752567,0.239527462333,1.90380868208,0.814224123804,0.00160428504214,26.8108266585,42.4269847626,27.1367197219
2013-09-13 15:28:45,58.07541866666667,-54.151582999999995,42.5,7.35,34.296,1.82159996871,2.01710004359,9.82239959112,0.040320693018,0.211951186292,1.76205181406,0.776982745133,0.00163013777397,26.8180067423,43.3427402297,27.5645147882
2013-09-13 15:28:45,58.07541866666667,-54.151582999999995,43.0,7.35,34.296,1.82879996859,1.75400003791,7.78449921263,0.0336617530283,0.161757789195,1.25118211684,0.780086193356,0.00182481883643,26.8180161097,50.2387328241,30.7859769752
2013-09-13 15:28:45,58.07541866666667,-54.151582999999995,43.5,7.395,34.28,1.69919997081,1.66630003601,7.93591684678,0.0307827572679,0.150509662317,1.30708010731,0.72422412535,0.00164320550938,26.7990751241,43.8056255534,27.7807516166
2013-09-13 15:28:45,58.07541866666667,-54.151582999999995,43.8,7.395,34.28,1.69919997081,1.66630003601,7.93591684678,0.0307827572679,0.150509662317,1.30708010731,0.72422412535,0.00164320550938,26.7990807704,43.8056255534,27.7807516166
2013-09-13 15:28:45,58.07541866666667,-54.151582999999995,44.5,6.866,34.303,1.2167999791,2.10480004549,9.56412896568,0.0325779805134,0.177147764699,1.73565700836,0.516293094439,0.00142183822383,26.8906064859,35.9643535646,24.117702264
2013-09-13 15:28:45,58.07541866666667,-54.151582999999995,45.4,7.245,34.26,1.00079998281,2.19250004739,10.0203685962,0.0304873585691,0.177802716122,1.87121463794,0.423189647762,0.00142241540374,26.8044942054,35.9847984314,24.1272530812
2013-09-13 15:28:45,58.07541866666667,-54.151582999999995,46.2,5.198,34.434,0.676799988374,1.8417000398,9.59129968378,0.0305756971812,0.1702088199,1.76638164513,0.283534477747,0.00126352417375,27.2054005751,30.3565532825,21.498018975
2013-09-13 15:28:45,58.07541866666667,-54.151582999999995,46.6,5.198,34.434,0.676799988374,1.8417000398,9.59129968378,0.0305756971812,0.1702088199,1.76638164513,0.283534477747,0.00126352417375,27.205406419,30.3565532825,21.498018975
2013-09-13 15:28:45,58.07541866666667,-54.151582999999995,47.3,4.435,34.511,0.475199991837,2.10480004549,9.42311551265,0.0279792796053,0.158215021978,1.74174401119,0.196637927516,0.000950743543314,27.3526990562,19.2772377913,16.322317954
2013-09-13 15:28:45,58.07541866666667,-54.151582999999995,48.1,4.361,34.509,0.446399992332,2.10480004549,6.45614629168,0.0207279616067,0.0941611600875,0.972323421417,0.184224134626,0.00106744344396,27.3591270405,23.4109816719,18.2533959561
2013-09-13 15:28:45,58.07541866666667,-54.151582999999995,48.4,4.361,34.509,0.446399992332,2.10480004549,6.45614629168,0.0207279616067,0.0941611600875,0.972323421417,0.184224134626,0.00106744344396,27.3591309963,23.4109816719,18.2533959561
2013-09-13 15:28:45,58.07541866666667,-54.151582999999995,49.3,4.327,34.508,0.403199993074,2.01710004359,7.42338122574,0.0203408874497,0.101750077793,1.26053517609,0.16560344529,0.000820797477544,27.3620049534,14.6742882496,14.1720505786
2013-09-13 15:28:45,58.07541866666667,-54.151582999999995,50.1,4.274,34.51,0.395999993198,2.01710004359,6.78630108161,0.0177702865259,0.0844076943111,1.09445329139,0.162499997068,0.000716882261731,27.3692769088,10.993403475,12.4525256584
2013-09-13 15:28:45,58.07541866666667,-54.151582999999995,50.5,4.274,34.51,0.395999993198,2.01710004359,6.78630108161,0.0177702865259,0.0844076943111,1.09445329139,0.162499997068,0.000716882261731,27.3692820566,10.993403475,12.4525256584
2013-09-13 15:28:45,58.07541866666667,-54.151582999999995,51.4,4.175,34.516,0.35279999394,2.36790005118,6.18577432065,0.0157774868618,0.0686990937901,0.94332584441,0.143879307733,0.000716717611955,27.3845693019,10.9875712507,12.4498011354
2013-09-13 15:28:45,58.07541866666667,-54.151582999999995,52.2,4.082,34.522,0.309599994682,2.10480004549,6.15400678036,0.0155382876777,0.0663295968157,0.938620708389,0.125258618397,0.000651667705222,27.3991152671,8.68337345436,11.3733953867
2013-09-13 15:28:45,58.07541866666667,-54.151582999999995,52.7,4.082,34.522,0.309599994682,2.10480004549,6.15400678036,0.0155382876777,0.0663295968157,0.938620708389,0.125258618397,0.000651667705222,27.3991215467,8.68337345436,11.3733953867
2013-09-13 15:28:45,58.07541866666667,-54.151582999999995,53.6,4.005,34.526,0.287999995053,1.9294000417,5.49747761421,0.0145219545803,0.0553090987479,0.74948289069,0.11594827373,0.000638561006264,27.4103224774,8.21910796387,11.1565138135
2013-09-13 15:28:45,58.07541866666667,-54.151582999999995,54.5,3.981,34.525,0.266399995424,1.75400003791,5.1493015117,0.0128872511985,0.0449158936809,0.658903547374,0.106637929062,0.00057363191183,27.4120202796,5.91918958084,10.0821071922
2013-09-13 15:28:45,58.07541866666667,-54.151582999999995,55.6,3.933,34.537,0.259199995548,2.10480004549,5.05175075117,0.0124313326361,0.0413883385961,0.635289447502,0.103534480839,0.000599489829667,27.4265225893,6.83512874647,10.5099880734
2013-09-13 15:28:45,58.07541866666667,-54.151582999999995,55.8,3.933,34.537,0.259199995548,2.10480004549,5.05175075117,0.0124313326361,0.0413883385961,0.635289447502,0.103534480839,0.000599489829667,27.4265250548,6.83512874647,10.5099880734
2013-09-13 15:28:45,58.07541866666667,-54.151582999999995,56.6,3.936,34.537,0.230399996042,2.10480004549,5.05097858156,0.0117729201975,0.0380958800944,0.650118509836,0.0911206879492,0.000586515789437,27.4262266906,6.37556229343,10.295301655
2013-09-13 15:28:45,58.07541866666667,-54.151582999999995,57.3,3.905,34.539,0.244799995795,2.36790005118,5.05097858156,0.0117729201975,0.0380958800944,0.650118509836,0.0973275843944,0.000625399339583,27.431006206,7.7528954067,10.9387226684
2013-09-13 15:28:45,58.07541866666667,-54.151582999999995,58.0,3.82,34.537,0.244799995795,2.36790005118,5.01163814869,0.0114100820812,0.0348993963155,0.644279520348,0.0973275843944,0.000625269791814,27.43808344,7.74830656562,10.9365789918
2013-09-13 15:28:45,58.07541866666667,-54.151582999999995,58.9,3.82,34.537,0.201599996537,1.8417000398,4.93769084353,0.0112799450801,0.0321177888599,0.628524377308,0.078706895059,0.000560376104327,27.4380943737,5.44964236746,9.86275826281
2013-09-13 15:28:45,58.07541866666667,-54.151582999999995,59.7,3.753,34.541,0.172799997032,2.19250004739,4.99748170587,0.0116171421679,0.0322746121101,0.657947354674,0.0662931021688,0.000495368446385,27.4480526339,3.14694110784,8.78705162102
2013-09-13 15:28:45,58.07541866666667,-54.151582999999995,60.2,3.729,34.544,0.172799997032,2.19250004739,4.99748170587,0.0116171421679,0.0322746121101,0.657947354674,0.0662931021688,0.000495324314824,27.4528570405,3.14537787968,8.78632135916
2013-09-13 15:28:45,58.07541866666667,-54.151582999999995,61.2,3.705,34.547,0.165599997155,2.01710004359,5.99765852151,0.0109942056729,0.0391629419979,0.991868022098,0.0631896539463,0.000625067504181,27.4576608695,7.7411411331,10.9332316608
2013-09-13 15:28:45,58.07541866666667,-54.151582999999995,62.3,3.667,34.552,0.187199996784,1.9294000417,4.71207253607,0.010077275467,0.022500955686,0.591582708648,0.0724999986139,0.00046925207125,27.4654467125,2.22184686781,8.35489394788
2013-09-13 15:28:45,58.07541866666667,-54.151582999999995,62.6,3.667,34.552,0.187199996784,1.9294000417,4.71207253607,0.010077275467,0.022500955686,0.591582708648,0.0724999986139,0.00046925207125,27.4654502878,2.22184686781,8.35489394788
2013-09-13 15:28:45,58.07541866666667,-54.151582999999995,63.6,3.641,34.558,0.151199997403,1.75400003791,4.36882303653,0.00981067901949,0.0188594479043,0.483448619999,0.0569827575012,0.000443240944136,27.4728244076,1.30048072318,7.92447785411
2013-09-13 15:28:45,58.07541866666667,-54.151582999999995,64.5,3.611,34.562,0.115199998021,2.28020004928,4.27840680144,0.00966789712764,0.0162852786104,0.458890919716,0.0414655163884,0.000469142416985,27.4789930709,2.21796269444,8.35307945672
2013-09-13 15:28:45,58.07541866666667,-54.151582999999995,65.6,3.606,34.565,0.107999998145,1.75400003791,4.19685040826,0.00880242460234,0.015192770959,0.440435278256,0.0383620681659,0.000417213346622,27.4818895978,0.378531164029,7.4937892183
2013-09-13 15:28:45,58.07541866666667,-54.151582999999995,65.9,3.606,34.565,0.107999998145,1.75400003791,4.19685040826,0.00880242460234,0.015192770959,0.440435278256,0.0383620681659,0.000417213346622,27.4818931475,0.378531164029,7.4937892183
2013-09-13 15:28:45,58.07541866666667,-54.151582999999995,66.8,3.609,34.57,0.129599997774,2.10480004549,4.22622904883,0.00860976564125,0.014158345993,0.460082259719,0.0476724128335,0.000417207894378,27.4855889326,0.378338034659,7.49369899793
2013-09-13 15:28:45,58.07541866666667,-54.151582999999995,67.7,3.596,34.574,0.100799998268,1.9294000417,4.62448356782,0.00941254058304,0.0164191453707,0.596543249132,0.0352586199433,0.00041717895448,27.49006995,0.37731292558,7.49322011834
2013-09-13 15:28:45,58.07541866666667,-54.151582999999995,68.1,3.596,34.574,0.100799998268,1.9294000417,4.62448356782,0.00941254058304,0.0164191453707,0.596543249132,0.0352586199433,0.00041717895448,27.4900746798,0.37731292558,7.49322011834
2013-09-13 15:28:45,58.07541866666667,-54.151582999999995,69.0,3.578,34.576,0.129599997774,2.10480004549,5.01693072788,0.00990709631178,0.0190466954182,0.741846762618,0.0476724128335,0.00043012484067,27.4934539492,0.835882106226,7.70744066096
2013-09-13 15:28:45,58.07541866666667,-54.151582999999995,69.4,3.565,34.578,0.129599997774,2.10480004549,5.01693072788,0.00990709631178,0.0190466954182,0.741846762618,0.0476724128335,0.000430099957849,27.4963317373,0.835000706915,7.70702891537
2013-09-13 15:28:45,58.07541866666667,-54.151582999999995,70.4,3.536,34.584,0.100799998268,2.28020004928,4.89103088626,0.00928415981681,0.0168110652041,0.70667732171,0.0352586199433,0.000378126290027,27.503971264,-1.00601055465,6.84700070572
2013-09-13 15:28:45,58.07541866666667,-54.151582999999995,71.2,3.53,34.586,0.0791999986395,1.75400003791,4.7244272498,0.00922796030218,0.0158604452553,0.65638317343,0.0259482752757,0.000378112577046,27.506161952,-1.00649629587,6.84677379176
2013-09-13 15:28:45,58.07541866666667,-54.151582999999995,72.3,3.529,34.588,0.100799998268,2.28020004928,4.56671965071,0.00910098452381,0.0125881774014,0.60794118656,0.0352586199433,0.000430021826508,27.507865999,0.832233138583,7.70573604613
2013-09-13 15:28:45,58.07541866666667,-54.151582999999995,73.4,3.521,34.592,0.100799998268,2.01710004359,3.72674792024,0.00851176773762,0.00455921420879,0.31344505862,0.0352586199433,0.000365107116674,27.5118487921,-1.46717571319,6.6315674523
2013-09-13 15:28:45,58.07541866666667,-54.151582999999995,73.7,3.521,34.592,0.100799998268,2.01710004359,3.72674792024,0.00851176773762,0.00455921420879,0.31344505862,0.0352586199433,0.000365107116674,27.5118523094,-1.46717571319,6.6315674523
2013-09-13 15:28:45,58.07541866666667,-54.151582999999995,74.6,3.516,34.594,0.0935999983922,1.75400003791,3.65872058208,0.00893396659127,0.00300149190693,0.288662065869,0.0321551717208,0.000365094998791,27.5139454225,-1.46760495283,6.63136693305
2013-09-13 15:28:45,58.07541866666667,-54.151582999999995,75.4,3.513,34.597,0.100799998268,2.10480004549,4.20376373929,0.00890832556272,0.00909076999603,0.493594993436,0.0352586199433,0.00035210530134,27.5166381362,-1.92772601594,6.4164214287
2013-09-13 15:28:45,58.07541866666667,-54.151582999999995,75.8,3.513,34.597,0.100799998268,2.10480004549,4.20376373929,0.00890832556272,0.00909076999603,0.493594993436,0.0352586199433,0.00035210530134,27.5166428231,-1.92772601594,6.4164214287
2013-09-13 15:28:45,58.07541866666667,-54.151582999999995,76.8,3.51,34.6,0.0719999987632,1.8417000398,4.25597768734,0.00890832556272,0.00751783556231,0.516142854955,0.0228448270531,0.000378051815449,27.519339934,-1.00864859315,6.84576834632
2013-09-13 15:28:45,58.07541866666667,-54.151582999999995,77.4,3.503,34.605,0.0719999987632,2.10480004549,4.25597768734,0.00890832556272,0.00751783556231,0.516142854955,0.0228448270531,0.000416966546581,27.5240159894,0.369789013004,7.4897053234
2013-09-13 15:28:45,58.07541866666667,-54.151582999999995,78.1,3.503,34.607,0.0719999987632,2.10480004549,4.19302575567,0.00841218922263,0.00619548642786,0.500460254448,0.0228448270531,0.00041696244892,27.5256193477,0.369643865645,7.48963751783
2013-09-13 15:28:45,58.07541866666667,-54.151582999999995,79.0,3.502,34.608,0.0719999987632,2.01710004359,4.15846312226,0.00851984641785,0.00591724270704,0.489943503478,0.0228448270531,0.00041695879436,27.5265266349,0.369514413819,7.48957704442
2013-09-13 15:28:45,58.07541866666667,-54.151582999999995,79.4,3.502,34.608,0.0719999987632,2.01710004359,4.15846312226,0.00851984641785,0.00591724270704,0.489943503478,0.0228448270531,0.00041695879436,27.5265323782,0.369514413819,7.48957704442
2013-09-13 15:28:45,58.07541866666667,-54.151582999999995,80.3,3.503,34.608,0.0575999990106,1.75400003791,4.073926637,0.0082869696791,0.00536352110755,0.461168481486,0.016637930608,0.000481854087615,27.526447594,2.66823549151,8.56342434466
2013-09-13 15:28:45,58.07541866666667,-54.151582999999995,81.4,3.503,34.61,0.0791999986395,2.01710004359,3.86558964624,0.00862890860092,0.00387383852271,0.382237278898,0.0259482752757,0.000365041352635,27.5280567065,-1.46950520697,6.63047922954
2013-09-13 15:28:45,58.07541866666667,-54.151582999999995,82.3,3.516,34.615,0.0647999988869,2.10480004549,3.51804093154,0.00796417371695,0.00144376960506,0.254646188097,0.0197413788306,0.000455903140421,27.5307814226,1.74900103999,8.13400407109
2013-09-13 15:28:45,58.07541866666667,-54.151582999999995,82.7,3.516,34.615,0.0647999988869,2.10480004549,3.51804093154,0.00796417371695,0.00144376960506,0.254646188097,0.0197413788306,0.000455903140421,27.5307871782,1.74900103999,8.13400407109
2013-09-13 15:28:45,58.07541866666667,-54.151582999999995,83.6,3.508,34.62,0.0575999990106,2.01710004359,3.46178113647,0.00875588437929,-0.00104438199784,0.234050678807,0.016637930608,0.000326092682875,27.5355660488,-2.84914498722,5.98598065696
2013-09-13 15:28:45,58.07541866666667,-54.151582999999995,84.5,3.498,34.62,0.0719999987632,1.8417000398,3.42935001292,0.00826448987325,0.000189460187638,0.223984239028,0.0228448270531,0.000715438748178,27.5365563886,10.9422713379,12.4286392861
2013-09-13 15:28:45,58.07541866666667,-54.151582999999995,85.6,3.495,34.623,0.0575999990106,2.01710004359,3.43405542147,0.00790165175692,-0.000477937524435,0.222975760956,0.016637930608,0.000365001870356,27.5392552214,-1.47090374825,6.62982590113
2013-09-13 15:28:45,58.07541866666667,-54.151582999999995,86.7,3.498,34.626,0.0431999992579,2.01710004359,3.41206869621,0.00780839568733,-0.0010900183934,0.218217792072,0.0104310341629,0.000365000544838,27.5413680562,-1.47095070074,6.62980396728
2013-09-13 15:28:45,58.07541866666667,-54.151582999999995,87.4,3.497,34.627,0.0503999991342,1.66630003601,3.41206869621,0.00780839568733,-0.0010900183934,0.218217792072,0.0135344823854,0.000364996889849,27.5422724831,-1.47108016778,6.62974348677
2013-09-13 15:28:45,58.07541866666667,-54.151582999999995,88.1,3.495,34.63,0.0503999991342,1.66630003601,3.40898001778,0.00748243850248,-0.000594379479173,0.215442287411,0.0135344823854,0.000364987531185,27.5448679402,-1.47141167038,6.62958862536
2013-09-13 15:28:45,58.07541866666667,-54.151582999999995,89.0,3.498,34.635,0.0359999993816,2.19250004739,3.42574655474,0.00781963559026,-0.000617059384847,0.219369165245,0.00732758594035,0.000339024635243,27.5485712286,-2.39106937041,6.19997063129
2013-09-13 15:28:45,58.07541866666667,-54.151582999999995,89.5,3.498,34.635,0.0359999993816,2.19250004739,3.42574655474,0.00781963559026,-0.000617059384847,0.219369165245,0.00732758594035,0.000339024635243,27.54857842,-2.39106937041,6.19997063129
2013-09-13 15:28:45,58.07541866666667,-54.151582999999995,90.2,3.498,34.637,0.0503999991342,2.01710004359,3.46009201545,0.00780207324194,0.000786328924751,0.240878436698,0.0135344823854,0.000351999276451,27.5501818495,-1.93148162956,6.4146669942
2013-09-13 15:28:45,58.07541866666667,-54.151582999999995,91.1,3.499,34.638,0.0359999993816,1.75400003791,3.8268323623,0.00836406838823,0.00128694635486,0.392548994559,0.00732758594035,0.000416892522556,27.5508937543,0.367166933974,7.48848041947
2013-09-13 15:28:45,58.07541866666667,-54.151582999999995,91.3,3.499,34.638,0.0359999993816,1.75400003791,3.8268323623,0.00836406838823,0.00128694635486,0.392548994559,0.00732758594035,0.000416892522556,27.5508966322,0.367166933974,7.48848041947
2013-09-13 15:28:45,58.07541866666667,-54.151582999999995,92.1,3.5,34.639,0.0359999993816,2.19250004739,3.77164234388,0.00760449682332,0.00113288894681,0.376267986596,0.00732758594035,0.000351998393663,27.5516070862,-1.93151289966,6.41465238638
2013-09-13 15:28:45,58.07541866666667,-54.151582999999995,92.6,3.5,34.639,0.0503999991342,2.63100005686,3.66475315714,0.00869476740713,-0.00072326772361,0.341468923221,0.0135344823854,0.000377955868658,27.5516142828,-1.0120472204,6.84418067797
2013-09-13 15:28:45,58.07541866666667,-54.151582999999995,93.4,3.498,34.641,0.0503999991342,1.8417000398,3.57521767801,0.00764945643502,-0.000642505132675,0.307613460257,0.0135344823854,0.000637523309127,27.553414622,8.18235065588,11.1393426411
2013-09-13 15:28:45,58.07541866666667,-54.151582999999995,94.1,3.499,34.645,0.0431999992579,1.75400003791,3.48877087732,0.00849561037716,-0.00156048814402,0.269750912055,0.0104310341629,0.00116964496153,27.5565136944,27.0311638275,19.9445636545
2013-09-13 15:28:45,58.07541866666667,-54.151582999999995,94.5,3.499,34.645,0.021599999629,1.8417000398,3.48877087732,0.00849561037716,-0.00156048814402,0.269750912055,0.00112068949524,0.000364963236697,27.5565194536,-1.4722722297,6.62918661517
2013-09-13 15:28:45,58.07541866666667,-54.151582999999995,94.9,3.499,34.645,0.021599999629,1.8417000398,3.51855571128,0.00803811120338,-0.000409897807415,0.282332524614,0.00112068949524,0.000364963236697,27.5565252131,-1.4722722297,6.62918661517
2013-09-13 15:28:45,58.07541866666667,-54.151582999999995,95.6,3.507,34.649,0.021599999629,2.19250004739,3.45398704949,0.00811029245498,-0.00185366741248,0.260147375756,0.00112068949524,0.000377946635142,27.5589396144,-1.01237428998,6.84402788745
2013-09-13 15:28:45,58.07541866666667,-54.151582999999995,96.4,3.521,34.654,0.0359999993816,2.01710004359,3.49204455472,0.00809589132936,-0.00216980317083,0.277880055602,0.00732758594035,0.000416895088873,27.5615632103,0.367257838067,7.4885228853
2013-09-13 15:28:45,58.07541866666667,-54.151582999999995,97.0,3.521,34.654,0.0359999993816,1.8417000398,3.54245677369,0.00799157098033,-0.00179309546928,0.299626938066,0.00732758594035,0.000442852563868,27.561571875,1.28672351733,7.91805117689
2013-09-13 15:28:45,58.07541866666667,-54.151582999999995,97.6,3.522,34.656,0.0143999997526,2.01710004359,3.44380004106,0.00755795660026,-0.00223811947207,0.2565435175,-0.00198275872731,0.0004168925995,27.5630757509,0.367169659489,7.48848169269
2013-09-13 15:28:45,58.07541866666667,-54.151582999999995,97.9,3.522,34.656,0.0143999997526,2.01710004359,3.44380004106,0.00755795660026,-0.00223811947207,0.2565435175,-0.00198275872731,0.0004168925995,27.5630800846,0.367169659489,7.48848169269
2013-09-13 15:28:45,58.07541866666667,-54.151582999999995,98.5,3.52,34.655,0.0287999995053,2.10480004549,3.24384430792,0.00778275465878,-0.00330269211764,0.170401587198,0.00422413771779,0.000364976486598,27.5624881893,-1.47180289172,6.62940586635
2013-09-13 15:28:45,58.07541866666667,-54.151582999999995,99.3,3.516,34.657,0.0359999993816,1.8417000398,3.21928368397,0.00765103704637,-0.0032343758164,0.156976565046,0.00732758594035,0.000351987233348,27.5644849954,-1.93190822034,6.41446771237
2013-09-13 15:28:45,58.07541866666667,-54.151582999999995,99.6,3.516,34.657,0.0359999993816,1.8417000398,3.21928368397,0.00765103704637,-0.0032343758164,0.156976565046,0.00732758594035,0.000351987233348,27.5644893272,-1.93190822034,6.41446771237
2013-09-13 15:28:45,58.07541866666667,-54.151582999999995,100.2,3.527,34.661,0.021599999629,2.19250004739,3.29760259519,0.00777959343608,-0.00322441878464,0.197519628254,0.00112068949524,0.000300081750819,27.5666060082,-3.77050422248,5.55556779089
2013-09-13 15:28:45,58.07541866666667,-54.151582999999995,100.8,3.527,34.661,0.0143999997526,1.9294000417,3.52318872893,0.00782121620161,-0.00155274378598,0.297151732114,-0.00198275872731,0.000377954175804,27.5666146845,-1.01210718469,6.84415266566
2013-09-13 15:28:45,58.07541866666667,-54.151582999999995,101.6,3.528,34.663,0.0143999997526,1.9294000417,3.50689675453,0.00757077711454,-0.0027160569965,0.287343160507,-0.00198275872731,0.000364972949136,27.5681193757,-1.47192819572,6.62934733061
2013-09-13 15:28:45,58.07541866666667,-54.151582999999995,102.4,3.53,34.666,0.0143999997526,1.9294000417,3.40243668469,0.00775711363023,-0.00308280766629,0.239716934945,-0.00198275872731,0.000468799917768,27.5703218423,2.20583068718,8.34741199085
2013-09-13 15:28:45,58.07541866666667,-54.151582999999995,103.2,3.532,34.667,0.021599999629,2.28020004928,3.36544493438,0.0083382517362,-0.0036921226931,0.227921245443,0.00112068949524,0.000326034967331,27.5709310362,-2.85118938719,5.98502561573
2013-09-13 15:28:45,58.07541866666667,-54.151582999999995,103.5,3.532,34.667,0.021599999629,2.28020004928,3.36544493438,0.0083382517362,-0.0036921226931,0.227921245443,0.00112068949524,0.000326034967331,27.57093439,-2.85118938719,5.98502561573
2013-09-13 15:28:45,58.07541866666667,-54.151582999999995,104.1,3.533,34.668,0.0143999997526,1.9294000417,3.34367538183,0.0077762565899,-0.00366695352949,0.220242686833,-0.00198275872731,0.000468800637414,27.5716395039,2.20585617847,8.3474238991
2013-09-13 15:28:45,58.07541866666667,-54.151582999999995,104.8,3.533,34.668,0.0359999993816,2.01710004359,3.32227582721,0.00801563139753,-0.00338373129279,0.216540827721,0.00732758594035,0.000429864424922,27.571647332,0.826657659576,7.70313146172
2013-09-13 15:28:45,58.07541866666667,-54.151582999999995,105.5,3.538,34.67,0.0143999997526,1.9294000417,3.308891554,0.00790639359097,-0.00337598693475,0.212053319297,-0.00198275872731,0.000403910876892,27.5727571859,-0.0926689187447,7.27366815112
2013-09-13 15:28:45,58.07541866666667,-54.151582999999995,105.8,3.538,34.67,0.0143999997526,1.9294000417,3.308891554,0.00790639359097,-0.00337598693475,0.212053319297,-0.00198275872731,0.000403910876892,27.5727605441,-0.0926689187447,7.27366815112
2013-09-13 15:28:45,58.07541866666667,-54.151582999999995,106.6,3.548,34.673,0.021599999629,2.01710004359,3.29569227975,0.0079144722712,-0.00326728933805,0.204462359216,0.00112068949524,0.000339027084262,27.5741759443,-2.39098262126,6.20001115615
2013-09-13 15:28:45,58.07541866666667,-54.151582999999995,107.5,3.555,34.676,0.0143999997526,1.75400003791,3.29451391676,0.00820829035862,-0.00264525143732,0.19670605691,-0.00198275872731,0.000377968377267,27.5758866326,-1.01160414046,6.84438766272
2013-09-13 15:28:45,58.07541866666667,-54.151582999999995,108.2,3.559,34.677,0.0143999997526,2.19250004739,3.19405947676,0.00776677292181,-0.0036439970396,0.154033254451,-0.00198275872731,0.000676483702681,27.5762969992,9.56240571638,11.7840352118
2013-09-13 15:28:45,58.07541866666667,-54.151582999999995,108.6,3.559,34.677,0.0143999997526,2.19250004739,3.19405947676,0.00776677292181,-0.0036439970396,0.154033254451,-0.00198275872731,0.000676483702681,27.576301493,9.56240571638,11.7840352118
2013-09-13 15:28:45,58.07541866666667,-54.151582999999995,109.2,3.562,34.68,0.0143999997526,2.01710004359,3.13169873744,0.00783087549318,-0.00374273760455,0.124497493978,-0.00198275872731,0.000403928883695,27.578402159,-0.0920310817608,7.2739661166
2013-09-13 15:28:45,58.07541866666667,-54.151582999999995,109.9,3.562,34.68,0.0143999997526,2.01710004359,3.18376388198,0.00804777049496,-0.00314586886743,0.152446352338,-0.00198275872731,0.000352013933705,27.5784100288,-1.93096244029,6.41490953342
2013-09-13 15:28:45,58.07541866666667,-54.151582999999995,110.6,3.56,34.683,0.0143999997526,1.8417000398,3.22273833862,0.00786301459061,-0.00377565112619,0.17155542408,-0.00198275872731,0.000442855755142,27.5810046141,1.28683655864,7.91810398413
2013-09-13 15:28:45,58.07541866666667,-54.151582999999995,110.9,3.56,34.683,0.0143999997526,1.8417000398,3.22273833862,0.00786301459061,-0.00377565112619,0.17155542408,-0.00198275872731,0.000442855755142,27.5810079869,1.28683655864,7.91810398413
2013-09-13 15:28:45,58.07541866666667,-54.151582999999995,111.7,3.559,34.685,0.0143999997526,1.9294000417,3.20906048009,0.00756445466914,-0.00311821044588,0.161093695937,-0.00198275872731,0.000339020161674,27.5827086002,-2.39122783318,6.19989660542
2013-09-13 15:28:45,58.07541866666667,-54.151582999999995,112.5,3.559,34.685,0.021599999629,2.45560005307,3.19413186766,0.00754513608599,-0.0043368404995,0.155221857,0.00112068949524,0.000390935111663,27.5827175955,-0.552296474656,7.0589531886
2013-09-13 15:28:45,58.07541866666667,-54.151582999999995,113.3,3.561,34.686,0.021599999629,2.10480004549,3.15066917517,0.00818581055277,-0.00474922756486,0.139849683782,0.00112068949524,0.000364978795309,27.583326005,-1.47172111255,6.62944406948
2013-09-13 15:28:45,58.07541866666667,-54.151582999999995,113.5,3.561,34.686,0.021599999629,2.10480004549,3.15066917517,0.00818581055277,-0.00474922756486,0.139849683782,0.00112068949524,0.000364978795309,27.583328255,-1.47172111255,6.62944406948
2013-09-13 15:28:45,58.07541866666667,-54.151582999999995,114.4,3.579,34.69,0.0143999997526,1.8417000398,3.08842104392,0.00722392073518,-0.00446075022806,0.111833210307,-0.00198275872731,0.000403935649437,27.5847480724,-0.0917914256325,7.27407807193
2013-09-13 15:28:45,58.07541866666667,-54.151582999999995,115.4,3.587,34.694,0.0431999992579,1.8417000398,3.04690486232,0.00740867663953,-0.00518650720961,0.0908369377427,0.0104310341629,0.000429897745982,27.5871544368,0.827837958178,7.70368283808
2013-09-13 15:28:45,58.07541866666667,-54.151582999999995,116.1,3.583,34.697,0.0143999997526,2.01710004359,3.02807920639,0.00702651994005,-0.00572031474558,0.078688390414,-0.00198275872731,0.000429885211055,27.5899472843,0.827393946005,7.70347541785
2013-09-13 15:28:45,58.07541866666667,-54.151582999999995,116.6,3.583,34.697,0.0143999997526,2.01710004359,3.02807920639,0.00702651994005,-0.00572031474558,0.078688390414,-0.00198275872731,0.000403927736061,27.5899529316,-0.0920717332579,7.27394712626
2013-09-13 15:28:45,58.07541866666667,-54.151582999999995,117.2,3.605,34.702,0.0143999997526,2.01710004359,3.01649666227,0.00755795660026,-0.00517655017785,0.0691376869788,-0.00198275872731,0.000403952698893,27.5917639133,-0.0911874998168,7.27436019581
2013-09-13 15:28:45,58.07541866666667,-54.151582999999995,117.9,3.605,34.702,0.0287999995053,2.10480004549,2.98950692142,0.00732507986152,-0.005083064713,0.062707954906,0.00422413771779,0.000403952698893,27.591771847,-0.0911874998168,7.27436019581
2013-09-13 15:28:45,58.07541866666667,-54.151582999999995,118.5,3.591,34.701,0.0143999997526,1.9294000417,2.98950692142,0.00732507986152,-0.005083064713,0.062707954906,-0.00198275872731,0.000364996144398,27.5923689466,-1.47110657314,6.62973115151
2013-09-13 15:28:45,58.07541866666667,-54.151582999999995,119.0,3.591,34.701,0.0143999997526,1.9294000417,2.97292538342,0.00794819197997,-0.00485543590362,0.054874182651,-0.00198275872731,0.000364996144398,27.5923746031,-1.47110657314,6.62973115151
2013-09-13 15:28:45,58.07541866666667,-54.151582999999995,119.8,3.591,34.701,0.0143999997526,2.01710004359,2.99366135478,0.00737811815345,-0.00537624398146,0.0591465271869,-0.00198275872731,0.000352017406901,27.5923836542,-1.93083941277,6.41496700571
2013-09-13 15:28:45,58.07541866666667,-54.151582999999995,120.4,3.579,34.701,0.0143999997526,2.36790005118,2.99366135478,0.00737811815345,-0.00537624398146,0.0591465271869,-0.00198275872731,0.000377955679608,27.5935771422,-1.01205391692,6.84417754969
2013-09-13 15:28:45,58.07541866666667,-54.151582999999995,120.9,3.579,34.701,0.0143999997526,2.36790005118,2.99145745403,0.00760941428085,-0.00469861265342,0.062640339791,-0.00198275872731,0.000377955679608,27.5935827906,-1.01205391692,6.84417754969
2013-09-13 15:28:45,58.07541866666667,-54.151582999999995,121.6,3.578,34.702,0.0143999997526,1.8417000398,2.99432493804,0.00725605983261,-0.00480731025012,0.0635513644989,-0.00198275872731,0.000339015821493,27.5944860012,-2.39138157106,6.19982478679
2013-09-13 15:28:45,58.07541866666667,-54.151582999999995,122.6,3.583,34.703,0.0143999997526,2.28020004928,2.99112767326,0.00725131799857,-0.00517903943579,0.056786294305,-0.00198275872731,0.000429872942326,27.5947995938,0.82695936306,7.70327240247
2013-09-13 15:28:45,58.07541866666667,-54.151582999999995,122.8,3.583,34.703,0.0143999997526,2.28020004928,2.99112767326,0.00725131799857,-0.00517903943579,0.056786294305,-0.00198275872731,0.000429872942326,27.5948018552,0.82695936306,7.70327240247
2013-09-13 15:28:45,58.07541866666667,-54.151582999999995,123.7,3.595,34.708,0.0143999997526,2.10480004549,2.97439733174,0.00790639359097,-0.00482750089785,0.0531446591822,-0.00198275872731,0.000416903181239,27.5976069862,0.367544485863,7.48865679279
2013-09-13 15:28:45,58.07541866666667,-54.151582999999995,124.5,3.608,34.711,0.0431999992579,1.8417000398,2.96762878252,0.00755795660026,-0.00526754638476,0.0482142306927,0.0104310341629,0.000377981621614,27.5987169546,-1.01113499921,6.844606822
2013-09-13 15:28:45,58.07541866666667,-54.151582999999995,125.4,3.62,34.714,0.0143999997526,2.01710004359,2.94983268607,0.00724481992969,-0.00506259748105,0.0446350095222,-0.00198275872731,0.000455867088803,27.5999252009,1.74772401958,8.13340751114
2013-09-13 15:28:45,58.07541866666667,-54.151582999999995,125.6,3.62,34.714,0.0143999997526,2.01710004359,2.94983268607,0.00724481992969,-0.00506259748105,0.0446350095222,-0.00198275872731,0.000455867088803,27.599927476,1.74772401958,8.13340751114
2013-09-13 15:28:45,58.07541866666667,-54.151582999999995,126.5,3.635,34.717,0.00719999987632,2.28020004928,2.95023887946,0.00747927727978,-0.0046430192261,0.0417018275076,-0.00508620694986,0.000378012483206,27.6008357694,-1.01004181987,6.84511750061
2013-09-13 15:28:45,58.07541866666667,-54.151582999999995,127.3,3.638,34.719,0.0143999997526,2.01710004359,2.94104523506,0.00764471460097,-0.00471382478527,0.0396969161613,-0.00198275872731,0.000442906871874,27.6021396576,1.28864721553,7.9189498323
2013-09-13 15:28:45,58.07541866666667,-54.151582999999995,128.3,3.638,34.72,0.0143999997526,2.01710004359,2.94527205932,0.00715015887223,-0.00538647759744,0.0376772225632,-0.00198275872731,0.000429926091184,27.6029483122,0.828842001914,7.704151877
2013-09-13 15:28:45,58.07541866666667,-54.151582999999995,128.5,3.638,34.72,0.0143999997526,2.01710004359,2.94527205932,0.00715015887223,-0.00538647759744,0.0376772225632,-0.00198275872731,0.000429926091184,27.6029507764,0.828842001914,7.704151877
2013-09-13 15:28:45,58.07541866666667,-54.151582999999995,129.4,3.631,34.723,0.0359999993816,1.9294000417,2.91835873109,0.00739409989042,-0.00537375472352,0.0362756460896,0.00732758594035,0.000455866263497,27.6060475984,1.74769478561,8.1333938545
2013-09-13 15:28:45,58.07541866666667,-54.151582999999995,130.2,3.633,34.723,0.0143999997526,1.9294000417,2.92887552029,0.00698156032834,-0.00442285819053,0.0361105776104,-0.00198275872731,0.000416933243814,27.6058584477,0.368609362367,7.48915424973
2013-09-13 15:28:45,58.07541866666667,-54.151582999999995,130.7,3.633,34.723,0.0143999997526,1.9294000417,2.92887552029,0.00698156032834,-0.00442285819053,0.0361105776104,-0.00198275872731,0.000416933243814,27.6058646066,0.368609362367,7.48915424973
2013-09-13 15:28:45,58.07541866666667,-54.151582999999995,131.4,3.635,34.724,0.0143999997526,1.9294000417,2.92166860395,0.00814085094106,-0.0056796568659,0.0343260313152,-0.00198275872731,0.000365019443126,27.6064705291,-1.47028128561,6.63011668449
2013-09-13 15:28:45,58.07541866666667,-54.151582999999995,132.2,3.637,34.725,0.0143999997526,2.10480004549,2.92093262979,0.00763663592075,-0.00653955719198,0.0342909919033,-0.00198275872731,0.00037799932967,27.6070776317,-1.01050774441,6.84489984401
2013-09-13 15:28:45,58.07541866666667,-54.151582999999995,132.5,3.637,34.725,0.0143999997526,2.10480004549,2.92093262979,0.00763663592075,-0.00653955719198,0.0342909919033,-0.00198275872731,0.00037799932967,27.6070813301,-1.01050774441,6.84489984401
2013-09-13 15:28:45,58.07541866666667,-54.151582999999995,133.3,3.646,34.727,0.00719999987632,1.75400003791,2.92313653055,0.00755321476622,-0.0046858897795,0.0333049609545,-0.00508620694986,0.000533754454227,27.6077872884,4.50665027763,9.4222396111
2013-09-13 15:28:45,58.07541866666667,-54.151582999999995,134.1,3.674,34.729,0.0143999997526,2.01710004359,2.92541684392,0.00785493591038,-0.00475918459662,0.0336326342043,-0.00198275872731,0.000404007625922,27.6065940805,-0.0892418745979,7.27526909442
2013-09-13 15:28:45,58.07541866666667,-54.151582999999995,134.5,3.674,34.729,0.0143999997526,2.01710004359,2.92541684392,0.00785493591038,-0.00475918459662,0.0336326342043,-0.00198275872731,0.000404007625922,27.6065990375,-0.0892418745979,7.27526909442
2013-09-13 15:28:45,58.07541866666667,-54.151582999999995,135.3,3.685,34.735,0.0143999997526,2.19250004739,2.91674200098,0.00731875741612,-0.00588958428549,0.0324787973222,-0.00198275872731,0.000391034151664,27.6102853619,-0.54878827976,7.06059204147
2013-09-13 15:28:45,58.07541866666667,-54.151582999999995,136.1,3.696,34.737,0.00719999987632,1.75400003791,2.91699939084,0.00737003947322,-0.00504766193341,0.0322611697252,-0.00508620694986,0.000378068836268,27.6107851762,-1.00804568172,6.84604999633
2013-09-13 15:28:45,58.07541866666667,-54.151582999999995,136.6,3.696,34.737,0.00719999987632,1.75400003791,2.91699939084,0.00737003947322,-0.00504766193341,0.0322611697252,-0.00508620694986,0.000378068836268,27.6107913937,-1.00804568172,6.84604999633
2013-09-13 15:28:45,58.07541866666667,-54.151582999999995,137.3,3.71,34.739,0.0287999995053,2.10480004549,2.92284294523,0.00745995869663,-0.00488834942527,0.0311675568322,0.00422413771779,0.00104000263045,27.6109870812,22.4389731757,17.7993222933
2013-09-13 15:28:45,58.07541866666667,-54.151582999999995,138.1,3.703,34.74,0.0143999997526,2.19250004739,2.91188778891,0.00762381540647,-0.00546972944631,0.0305743505396,-0.00198275872731,0.000391052583908,27.6124961973,-0.548135372822,7.06089704687
2013-09-13 15:28:45,58.07541866666667,-54.151582999999995,138.4,3.703,34.74,0.0143999997526,2.19250004739,2.91188778891,0.00762381540647,-0.00546972944631,0.0305743505396,-0.00198275872731,0.000391052583908,27.6124999325,-0.548135372822,7.06089704687
2013-09-13 15:28:45,58.07541866666667,-54.151582999999995,139.3,3.7,34.74,0.0143999997526,1.8417000398,2.90967986643,0.00722392073518,-0.00558368214311,0.0293178591306,-0.00198275872731,0.000391047812385,27.6128122385,-0.548304389705,7.06081809065
2013-09-13 15:28:45,58.07541866666667,-54.151582999999995,140.1,3.703,34.741,0.0143999997526,2.01710004359,2.92093262979,0.00774253688113,-0.00518152869373,0.0291076226596,-0.00198275872731,0.000624667817495,27.6133172705,7.72698343131,10.9266178919
2013-09-13 15:28:45,58.07541866666667,-54.151582999999995,140.5,3.703,34.741,0.0143999997526,2.01710004359,2.92093262979,0.00774253688113,-0.00518152869373,0.0291076226596,-0.00198275872731,0.000624667817495,27.6133222523,7.72698343131,10.9266178919
2013-09-13 15:28:45,58.07541866666667,-54.151582999999995,141.2,3.702,34.741,0.0143999997526,1.75400003791,2.92306413964,0.0073284167077,-0.00472378181703,0.0279562494861,-0.00198275872731,0.000378070214607,27.6134313492,-1.00799685817,6.84607280424
2013-09-13 15:28:45,58.07541866666667,-54.151582999999995,142.1,3.701,34.743,0.0143999997526,2.01710004359,2.91228996058,0.0073556383476,-0.00569984751363,0.0269001397136,-0.00198275872731,0.000391043278847,27.6151352748,-0.548464976682,7.06074307246
2013-09-13 15:28:45,58.07541866666667,-54.151582999999995,142.6,3.701,34.743,0.0143999997526,2.01710004359,2.91228996058,0.0073556383476,-0.00569984751363,0.0269001397136,-0.00198275872731,0.000391043278847,27.6151415025,-0.548464976682,7.06074307246
2013-09-13 15:28:45,58.07541866666667,-54.151582999999995,143.3,3.695,34.744,0.0143999997526,2.01710004359,2.91056464411,0.00692044335618,-0.00537126546558,0.0253359584694,-0.00198275872731,0.000404010429619,27.6165483718,-0.0891425620187,7.27531548828
2013-09-13 15:28:45,58.07541866666667,-54.151582999999995,144.1,3.695,34.745,0.0143999997526,2.10480004549,2.90997345175,0.00722075951249,-0.00533337342806,0.02403183536,-0.00198275872731,0.000442944600694,27.6173545239,1.28998364577,7.91957414554
2013-09-13 15:28:45,58.07541866666667,-54.151582999999995,144.4,3.695,34.745,0.0143999997526,2.10480004549,2.90997345175,0.00722075951249,-0.00533337342806,0.02403183536,-0.00198275872731,0.000442944600694,27.6173582589,1.28998364577,7.91957414554
2013-09-13 15:28:45,58.07541866666667,-54.151582999999995,145.3,3.697,34.746,0.021599999629,1.66630003601,2.90004785491,0.00694134255069,-0.00587437215363,0.0235815241687,0.00112068949524,0.000416988266543,27.6179650445,0.370558377503,7.49006473194
2013-09-13 15:28:45,58.07541866666667,-54.151582999999995,146.1,3.694,34.747,0.0,2.10480004549,2.90122219619,0.00736038018164,-0.00496164424239,0.0231134195262,-0.00818965517241,0.000378045239177,27.619072106,-1.00888153788,6.84565952621
2013-09-13 15:28:45,58.07541866666667,-54.151582999999995,146.5,3.694,34.747,0.0,2.10480004549,2.90122219619,0.00736038018164,-0.00496164424239,0.0231134195262,-0.00818965517241,0.000378045239177,27.6190770869,-1.00888153788,6.84565952621
2013-09-13 15:28:45,58.07541866666667,-54.151582999999995,147.3,3.696,34.748,0.0,2.28020004928,2.89339191375,0.00786143397926,-0.00475420608074,0.0218870401117,-0.00818965517241,0.000391025117809,27.6196826533,-0.549108276968,7.06044255481
2013-09-13 15:28:45,58.07541866666667,-54.151582999999995,148.3,3.707,34.75,0.0143999997526,2.19250004739,2.90449587359,0.00747769666843,-0.00475669533868,0.0218169612881,-0.00198275872731,0.000416996007989,27.6201833303,0.370832594971,7.4901928326
2013-09-13 15:28:45,58.07541866666667,-54.151582999999995,149.1,3.715,34.752,0.0143999997526,2.19250004739,2.90486184981,0.00752107566879,-0.00499455776403,0.0224876375303,-0.00198275872731,0.000417004645105,27.620981667,0.371138538912,7.49033575428
2013-09-13 15:28:45,58.07541866666667,-54.151582999999995,149.7,3.715,34.752,0.0143999997526,2.01710004359,2.90486184981,0.00752107566879,-0.00499455776403,0.0224876375303,-0.00198275872731,0.00039104717011,27.6209891631,-0.548327140352,7.06080746269
2013-09-13 15:28:45,58.07541866666667,-54.151582999999995,150.4,3.721,34.753,0.0143999997526,2.01710004359,2.90151578151,0.0073556383476,-0.0053787332394,0.0222174508156,-0.00198275872731,0.000391054665007,27.6211905646,-0.548061656109,7.06093148363
2013-09-13 15:28:45,58.07541866666667,-54.151582999999995,151.2,3.713,34.754,0.0143999997526,1.9294000417,2.89545103271,0.00785177468769,-0.00507780961291,0.0219571189354,-0.00198275872731,0.00037806117168,27.6228008398,-1.00831717674,6.84592316746
2013-09-13 15:28:45,58.07541866666667,-54.151582999999995,152.2,3.71,34.754,0.00719999987632,1.9294000417,2.90328131514,0.00731542056994,-0.00598306975034,0.0224750452417,-0.00508620694986,0.000455928827003,27.6231127191,1.7499109101,8.13442911681
2013-09-13 15:28:45,58.07541866666667,-54.151582999999995,152.5,3.71,34.754,0.00719999987632,1.9294000417,2.90328131514,0.00731542056994,-0.00598306975034,0.0224750452417,-0.00508620694986,0.000455928827003,27.6231158287,1.7499109101,8.13442911681
2013-09-13 15:28:45,58.07541866666667,-54.151582999999995,153.5,3.714,34.757,0.0143999997526,1.9294000417,2.88798672649,0.00730909812455,-0.00459738283053,0.0222798647679,-0.00198275872731,0.000404014114111,27.6251126126,-0.0890120499696,7.27537645697
2013-09-13 15:28:45,58.07541866666667,-54.151582999999995,154.5,3.751,34.76,-0.00719999987632,2.01710004359,2.89103920948,0.00753389618306,-0.00472627107497,0.0226403874663,-0.011293103395,0.000417045490201,27.6237830447,0.372585353911,7.49101163375
2013-09-13 15:28:45,58.07541866666667,-54.151582999999995,155.4,3.75,34.761,0.00719999987632,1.9294000417,2.8994204671,0.00752423689149,-0.0045771921828,0.0224000390007,-0.00508620694986,0.00035214817628,27.6246894745,-1.92620729982,6.41713089677
2013-09-13 15:28:45,58.07541866666667,-54.151582999999995,156.4,3.752,34.763,0.0143999997526,1.8417000398,2.91298973928,0.00698788277374,-0.00489332794115,0.02196697377,-0.00198275872731,0.000494913382046,27.6260900342,3.13082181883,8.77952149692
2013-09-13 15:28:45,58.07541866666667,-54.151582999999995,156.7,3.752,34.763,0.0143999997526,1.8417000398,2.91298973928,0.00698788277374,-0.00489332794115,0.02196697377,-0.00198275872731,0.000494913382046,27.6260931675,3.13082181883,8.77952149692
2013-09-13 15:28:45,58.07541866666667,-54.151582999999995,157.6,3.754,34.763,0.0143999997526,2.01710004359,2.89622320232,0.00759975498927,-0.00520697444156,0.0204953184727,-0.00198275872731,0.000391086654766,27.6259005362,-0.546928514866,7.06146083043
2013-09-13 15:28:45,58.07541866666667,-54.151582999999995,158.6,3.792,34.769,0.0143999997526,1.75400003791,2.89059682064,0.00798507291145,-0.00453930014527,0.0201525892256,-0.00198275872731,0.000417092109377,27.6268390077,0.37423669835,7.49178305912
2013-09-13 15:28:45,58.07541866666667,-54.151582999999995,159.5,3.81,34.773,0.0143999997526,2.01710004359,2.88464065819,0.00785985336792,-0.00541413601899,0.0195993497621,-0.00198275872731,0.000339240009695,27.6282031999,-2.38344037657,6.20353451493
2013-09-13 15:28:45,58.07541866666667,-54.151582999999995,160.6,3.853,34.78,0.0143999997526,2.10480004549,2.89714015373,0.00779715578441,-0.00531567203826,0.0193767947479,-0.00198275872731,0.00040418735467,27.6294002904,-0.0828755228958,7.27824313492
2013-09-13 15:28:45,58.07541866666667,-54.151582999999995,161.5,3.853,34.778,0.0143999997526,2.19250004739,2.86989704473,0.00795135320267,-0.00603893976187,0.0194266164116,-0.00198275872731,0.000456106379502,27.6278182867,1.75620017472,8.13736714609
2013-09-13 15:28:45,58.07541866666667,-54.151582999999995,161.8,3.853,34.778,0.0143999997526,2.19250004739,2.86989704473,0.00795135320267,-0.00603893976187,0.0194266164116,-0.00198275872731,0.000456106379502,27.6278214739,1.75620017472,8.13736714609
2013-09-13 15:28:45,58.07541866666667,-54.151582999999995,162.6,3.843,34.778,0.0143999997526,2.01710004359,2.89916307723,0.00743115644538,-0.00408404252651,0.0187835884552,-0.00198275872731,0.000404175647934,27.6288518096,-0.0832901988824,7.27804941908
2013-09-13 15:28:45,58.07541866666667,-54.151582999999995,163.5,3.835,34.778,0.00719999987632,2.01710004359,2.89331952285,0.00764787582367,-0.00514612591414,0.0188035718698,-0.00508620694986,0.000391184278751,27.6296779557,-0.543470478091,7.06307625194
2013-09-13 15:28:45,58.07541866666667,-54.151582999999995,163.9,3.835,34.778,0.00719999987632,2.01710004359,2.89331952285,0.00764787582367,-0.00514612591414,0.0188035718698,-0.00508620694986,0.000391184278751,27.6296821948,-0.543470478091,7.06307625194
2013-09-13 15:28:45,58.07541866666667,-54.151582999999995,164.7,3.823,34.777,0.0143999997526,1.9294000417,2.88614880196,0.0071180197748,-0.00435205263136,0.0189962886349,-0.00198275872731,0.000417124833555,27.6301182487,0.375395854198,7.49232455865
2013-09-13 15:28:45,58.07541866666667,-54.151582999999995,165.5,3.84,34.78,0.0143999997526,2.19250004739,2.89118399128,0.00790165175692,-0.00400051409342,0.0190061434695,-0.00198275872731,0.000391188098873,27.630780525,-0.543335161736,7.06313946496
2013-09-13 15:28:45,58.07541866666667,-54.151582999999995,166.0,3.852,34.783,0.0143999997526,2.19250004739,2.89118399128,0.00790165175692,-0.00400051409342,0.0190061434695,-0.00198275872731,0.000391200927249,27.6319472797,-0.542880754987,7.06335174102
2013-09-13 15:28:45,58.07541866666667,-54.151582999999995,166.9,3.838,34.782,0.0143999997526,1.9294000417,2.89320691478,0.0073974367366,-0.00460512718857,0.0183179475213,-0.00198275872731,0.000417138340543,27.6325911804,0.375874298707,7.49254806395
2013-09-13 15:28:45,58.07541866666667,-54.151582999999995,167.3,3.838,34.782,0.0143999997526,1.9294000417,2.89320691478,0.0073974367366,-0.00460512718857,0.0183179475213,-0.00198275872731,0.000417138340543,27.6325954243,0.375874298707,7.49254806395
2013-09-13 15:28:45,58.07541866666667,-54.151582999999995,168.1,3.817,34.78,0.00719999987632,2.01710004359,2.90217936477,0.00804127242608,-0.00471631404321,0.0185057368691,-0.00508620694986,0.000417109235319,27.6331528987,0.374843333487,7.49206644866
2013-09-13 15:28:45,58.07541866666667,-54.151582999999995,169.0,3.817,34.78,0.0143999997526,1.75400003791,2.88258153923,0.00724165870699,-0.0046430192261,0.0174145876848,-0.00198275872731,0.000430087972817,27.6331624176,0.834576173118,7.70683059446
2013-09-13 15:28:45,58.07541866666667,-54.151582999999995,169.5,3.821,34.781,0.0143999997526,1.75400003791,2.88258153923,0.00724165870699,-0.0046430192261,0.0174145876848,-0.00198275872731,0.000430092257948,27.6335562535,0.834727961044,7.70690150217
2013-09-13 15:28:45,58.07541866666667,-54.151582999999995,170.3,3.827,34.782,0.0143999997526,1.8417000398,2.88346229519,0.00750333769698,-0.00524237722115,0.0171140152301,-0.00198275872731,0.000443078439729,27.6337492243,1.29472449209,7.92178883138
2013-09-13 15:28:45,58.07541866666667,-54.151582999999995,171.1,3.827,34.782,0.0,2.19250004739,2.884089683,0.00757393833724,-0.00463527486806,0.0164534675678,-0.00818965517241,0.000378184752242,27.633757702,-1.00393970607,6.84796810241
2013-09-13 15:28:45,58.07541866666667,-54.151582999999995,171.6,3.828,34.782,0.0,2.19250004739,2.884089683,0.00757393833724,-0.00463527486806,0.0164534675678,-0.00818965517241,0.000378186332308,27.6336610663,-1.003883737,6.84799424835
2013-09-13 15:28:45,58.07541866666667,-54.151582999999995,172.4,3.829,34.782,0.0143999997526,1.57860003412,2.87680635404,0.00753389618306,-0.00551785509982,0.0163957072873,-0.00198275872731,0.000339251699791,27.6335676015,-2.38302628999,6.20372795543
2013-09-13 15:28:45,58.07541866666667,-54.151582999999995,173.5,3.832,34.783,0.00719999987632,2.19250004739,2.87666157224,0.00759817437792,-0.00581628946837,0.0163133099204,-0.00508620694986,0.00040414808893,27.6340692086,-0.0842663939258,7.27759338967
2013-09-13 15:28:45,58.07541866666667,-54.151582999999995,174.3,3.833,34.782,0.0143999997526,1.9294000417,2.89089040596,0.0074278195992,-0.00635756477816,0.0155074034481,-0.00198275872731,0.000378194231295,27.6331798614,-1.00360393908,6.84812495592
2013-09-13 15:28:45,58.07541866666667,-54.151582999999995,175.4,3.828,34.782,0.0143999997526,1.66630003601,2.89026703987,0.00722883819271,-0.00494892136847,0.0151545456211,-0.00198275872731,0.00036520759481,27.6337013582,-1.46361657663,6.63323010255
2013-09-13 15:28:45,58.07541866666667,-54.151582999999995,175.6,3.828,34.782,0.0143999997526,1.66630003601,2.89026703987,0.00722883819271,-0.00494892136847,0.0151545456211,-0.00198275872731,0.00036520759481,27.6337034794,-1.46361657663,6.63323010255
2013-09-13 15:28:45,58.07541866666667,-54.151582999999995,176.7,3.794,34.781,0.0143999997526,1.49090003222,2.89758254257,0.00719353787259,-0.00547747380435,0.0145887138689,-0.00198275872731,0.000443028285999,27.6363797742,1.29294794667,7.92095891838
2013-09-13 15:28:45,58.07541866666667,-54.151582999999995,177.5,3.784,34.78,0.00719999987632,2.19250004739,2.88658716908,0.00710361864918,-0.00522467583135,0.0145788590343,-0.00508620694986,0.000430035752394,27.6366088961,0.832726421314,7.7059664831
2013-09-13 15:28:45,58.07541866666667,-54.151582999999995,178.5,3.782,34.78,0.0143999997526,1.57860003412,2.89320691478,0.00754513608599,-0.00547747380435,0.0147014969758,-0.00198275872731,0.000391096371901,27.6368247445,-0.546584314519,7.06162162359
2013-09-13 15:28:45,58.07541866666667,-54.151582999999995,178.8,3.782,34.78,0.0143999997526,1.57860003412,2.89320691478,0.00754513608599,-0.00547747380435,0.0147014969758,-0.00198275872731,0.000391096371901,27.6368286664,-0.546584314519,7.06162162359
2013-09-13 15:28:45,58.07541866666667,-54.151582999999995,179.7,3.781,34.781,0.0143999997526,2.01710004359,2.88379609768,0.00750649891968,-0.00512593526641,0.015019315391,-0.00198275872731,0.000404071486473,27.6377377849,-0.0869798061517,7.27632581945
2013-09-13 15:28:45,58.07541866666667,-54.151582999999995,180.5,3.817,34.767,0.0143999997526,2.01710004359,2.8948236449,0.00777151475586,-0.00600851549816,0.0142260012073,-0.00198275872731,0.000365220782822,27.6229490404,-1.46314943089,6.63344832964
2013-09-13 15:28:45,58.07541866666667,-54.151582999999995,181.0,3.817,34.767,0.0143999997526,2.01710004359,2.8948236449,0.00777151475586,-0.00600851549816,0.0142260012073,-0.00198275872731,0.000365220782822,27.6229556036,-1.46314943089,6.63344832964
2013-09-13 15:28:45,58.07541866666667,-54.151582999999995,181.8,3.833,34.788,0.0143999997526,1.9294000417,2.87647657327,0.00783087549318,-0.00504766193341,0.0140932346859,-0.00198275872731,0.000404139480354,27.638049304,-0.0845713268999,7.27745094027
2013-09-13 15:28:45,58.07541866666667,-54.151582999999995,182.7,3.819,34.787,0.0143999997526,2.01710004359,2.88618499741,0.00763347469805,-0.0051007661028,0.0142834877423,-0.00198275872731,0.000443055606281,27.6386920758,1.29391568569,7.92141099756
2013-09-13 15:28:45,58.07541866666667,-54.151582999999995,183.1,3.819,34.787,0.0143999997526,2.01710004359,2.88618499741,0.00763347469805,-0.0051007661028,0.0142834877423,-0.00198275872731,0.000443055606281,27.6386973333,1.29391568569,7.92141099756
2013-09-13 15:28:45,58.07541866666667,-54.151582999999995,184.0,3.819,34.787,0.0143999997526,1.9294000417,2.88456826729,0.0073075175132,-0.00562157418064,0.0145386184598,-0.00198275872731,0.000365183181297,27.6387091635,-1.4644813521,6.63282612279
2013-09-13 15:28:45,58.07541866666667,-54.151582999999995,184.6,3.821,34.789,0.0143999997526,1.75400003791,2.88456826729,0.0073075175132,-0.00562157418064,0.0145386184598,-0.00198275872731,0.00035220352984,27.6401051394,-1.92424656601,6.41804685335
2013-09-13 15:28:45,58.07541866666667,-54.151582999999995,185.3,3.83,34.791,0.0143999997526,1.75400003791,2.87467484418,0.00696224174519,-0.00577839743084,0.0133324962053,-0.00198275872731,0.000352213678097,27.6407888956,-1.92388709447,6.41821478045
2013-09-13 15:28:45,58.07541866666667,-54.151582999999995,186.2,3.825,34.789,0.0143999997526,2.01710004359,2.88375588051,0.00756111782296,-0.00617031726425,0.0138279753884,-0.00198275872731,0.000391146064747,27.6397186785,-0.544824094535,7.06244391016
2013-09-13 15:28:45,58.07541866666667,-54.151582999999995,187.3,3.826,34.79,0.00719999987632,1.66630003601,2.88096480912,0.00767193624087,-0.00495915498445,0.0139429484585,-0.00508620694986,0.000378166869955,27.6404271209,-1.00457313247,6.84767219733
2013-09-13 15:28:45,58.07541866666667,-54.151582999999995,188.4,3.825,34.79,0.0,2.19250004739,2.88173697873,0.00757393833724,-0.00559640501703,0.0135676435082,-0.00818965517241,0.000507952664528,27.6405435068,3.59269928292,8.99528750379
2013-09-13 15:28:45,58.07541866666667,-54.151582999999995,189.5,3.829,34.79,0.0143999997526,2.01710004359,2.88122219899,0.00745521686258,-0.00505512970723,0.0131972659753,-0.00198275872731,0.000365192873122,27.6401503034,-1.46413804827,6.63298649713
2013-09-13 15:28:45,58.07541866666667,-54.151582999999995,189.7,3.829,34.79,0.0143999997526,2.01710004359,2.88122219899,0.00745521686258,-0.00505512970723,0.0131972659753,-0.00198275872731,0.000365192873122,27.6401529378,-1.46413804827,6.63298649713
2013-09-13 15:28:45,58.07541866666667,-54.151582999999995,190.6,3.831,34.79,0.0143999997526,1.57860003412,2.8796376426,0.00731225934724,-0.00622839994951,0.0142383197505,-0.00198275872731,0.000326259820627,27.6399608833,-2.84322463376,5.98874634943
2013-09-13 15:28:45,58.07541866666667,-54.151582999999995,191.3,3.803,34.791,0.00719999987632,2.01710004359,2.8796376426,0.00731225934724,-0.00622839994951,0.0142383197505,-0.00508620694986,0.000468979622545,27.6436164059,2.21219618978,8.35038563469
2013-09-13 15:28:45,58.07541866666667,-54.151582999999995,192.0,3.804,34.79,0.00719999987632,2.01710004359,2.88927367584,0.00687548374448,-0.00452657727136,0.0132421602217,-0.00508620694986,0.000468983243009,27.6427280284,2.21232443385,8.3504455439
2013-09-13 15:28:45,58.07541866666667,-54.151582999999995,192.9,3.804,34.79,0.0143999997526,2.10480004549,2.88122219899,0.00756919650319,-0.00600077114013,0.0132624173817,-0.00198275872731,0.000417068293019,27.6427398505,0.373393075326,7.49138896072
2013-09-13 15:28:45,58.07541866666667,-54.151582999999995,193.6,3.808,34.791,0.021599999629,2.19250004739,2.88122219899,0.00756919650319,-0.00600077114013,0.0132624173817,0.00112068949524,0.000352178896096,27.6431383136,-1.92511914248,6.41763922935
2013-09-13 15:28:45,58.07541866666667,-54.151582999999995,194.2,3.812,34.792,0.021599999629,2.19250004739,2.87827830235,0.00816175013557,-0.00530543842229,0.0135350678051,0.00112068949524,0.000352183185414,27.6435352597,-1.92496720627,6.41771020633
2013-09-13 15:28:45,58.07541866666667,-54.151582999999995,195.1,3.815,34.793,0.0143999997526,2.19250004739,2.8762915743,0.00754197486329,-0.00518152869373,0.0125290534417,-0.00198275872731,0.000378143367128,27.6440377334,-1.00540564959,6.84728328705
2013-09-13 15:28:45,58.07541866666667,-54.151582999999995,195.4,3.815,34.793,0.0143999997526,2.19250004739,2.8762915743,0.00754197486329,-0.00518152869373,0.0125290534417,-0.00198275872731,0.000378143367128,27.6440416813,-1.00540564959,6.84728328705
2013-09-13 15:28:45,58.07541866666667,-54.151582999999995,196.4,3.818,34.793,0.0143999997526,1.8417000398,2.87544701379,0.00738777744503,-0.00483524525589,0.0133048479194,-0.00198275872731,0.000391126848412,27.6437494642,-0.545504775538,7.06212593011
2013-09-13 15:28:45,58.07541866666667,-54.151582999999995,197.3,3.812,34.794,0.0143999997526,1.9294000417,2.88129458989,0.00718545919236,-0.00575571752517,0.0123563200911,-0.00198275872731,0.000404094059687,27.6451678668,-0.0861802177564,7.27669934708
2013-09-13 15:28:45,58.07541866666667,-54.151582999999995,198.4,3.809,34.794,0.021599999629,2.10480004549,2.8702268255,0.00753389618306,-0.00505015119135,0.012078468505,0.00112068949524,0.000404089314234,27.6454875026,-0.0863483111939,7.27662082225
2013-09-13 15:28:45,58.07541866666667,-54.151582999999995,198.7,3.809,34.794,0.021599999629,2.10480004549,2.8702268255,0.00753389618306,-0.00505015119135,0.012078468505,0.00112068949524,0.000404089314234,27.6454914492,-0.0863483111939,7.27662082225
2013-09-13 15:28:45,58.07541866666667,-54.151582999999995,199.6,3.817,34.795,0.0143999997526,1.9294000417,2.86982063211,0.00766069633795,-0.00523214360517,0.0126191156799,-0.00198275872731,0.000339206241782,27.6454852061,-2.38463650361,6.20297574431
2013-09-13 15:28:45,58.07541866666667,-54.151582999999995,200.5,3.824,34.798,0.00719999987632,1.9294000417,2.88471304909,0.00778925272766,-0.00468091126362,0.0120133170986,-0.00508620694986,0.000352189933293,27.6471718386,-1.92472818291,6.41782186607
2013-09-13 15:28:45,58.07541866666667,-54.151582999999995,201.0,3.824,34.798,0.00719999987632,1.9294000417,2.88471304909,0.00778925272766,-0.00468091126362,0.0120133170986,-0.00508620694986,0.000352189933293,27.6471784312,-1.92472818291,6.41782186607
2013-09-13 15:28:45,58.07541866666667,-54.151582999999995,201.9,3.847,34.801,0.0143999997526,1.66630003601,2.88052242028,0.00785019407634,-0.00573801613538,0.0127091779182,-0.00198275872731,0.000339241417053,27.647231223,-2.38339052514,6.20355780302
2013-09-13 15:28:45,58.07541866666667,-54.151582999999995,202.7,3.869,34.804,0.0143999997526,2.10480004549,2.8807436147,0.00766561379548,-0.0049691120162,0.0122084975724,-0.00198275872731,0.000352248754794,27.6473760547,-1.92264460767,6.41879520802
2013-09-13 15:28:45,58.07541866666667,-54.151582999999995,203.2,3.869,34.804,0.0143999997526,2.10480004549,2.8807436147,0.00766561379548,-0.0049691120162,0.0122084975724,-0.00198275872731,0.000352248754794,27.647380923,-1.92264460767,6.41879520802
2013-09-13 15:28:45,58.07541866666667,-54.151582999999995,204.1,3.87,34.804,0.021599999629,2.01710004359,2.87493223405,0.00825957241572,-0.00581877872631,0.0125515005649,0.00112068949524,0.000391186544035,27.6472872451,-0.543390237202,7.06311373646
2013-09-13 15:28:45,58.07541866666667,-54.151582999999995,205.3,3.87,34.805,0.00719999987632,2.01710004359,2.87074160524,0.00766385756064,-0.00488060506724,0.0123538563825,-0.00508620694986,0.000430120720102,27.648094698,0.835736147445,7.70737247634
2013-09-13 15:28:45,58.07541866666667,-54.151582999999995,206.4,3.87,34.805,0.0143999997526,2.36790005118,2.87997144509,0.00738127937615,-0.00487562655136,0.0127491447473,-0.00198275872731,0.000417141982604,27.6481054154,0.376003307813,7.49260833054
2013-09-13 15:28:45,58.07541866666667,-54.151582999999995,207.4,3.868,34.805,0.0143999997526,1.75400003791,2.8682762929,0.00771847646392,-0.00518152869373,0.0122561292729,-0.00198275872731,0.000352245141493,27.6483200261,-1.92277259803,6.41873541733
2013-09-13 15:28:45,58.07541866666667,-54.151582999999995,207.8,3.868,34.805,0.0143999997526,1.75400003791,2.8682762929,0.00771847646392,-0.00518152869373,0.0122561292729,-0.00198275872731,0.000352245141493,27.648323923,-1.92277259803,6.41873541733
2013-09-13 15:28:45,58.07541866666667,-54.151582999999995,208.9,3.872,34.805,0.0143999997526,2.28020004928,2.87173496927,0.00693326387046,-0.00461010570445,0.0119884062668,-0.00198275872731,0.000352251448386,27.6479248714,-1.92254919529,6.4188397799
2013-09-13 15:28:45,58.07541866666667,-54.151582999999995,209.8,3.874,34.806,0.0143999997526,1.75400003791,2.86849748731,0.00750333769698,-0.00431913910971,0.0121085804996,-0.00198275872731,0.000365231302473,27.64852445,-1.46277680379,6.63362240234
2013-09-13 15:28:45,58.07541866666667,-54.151582999999995,210.6,3.864,34.805,0.0143999997526,2.10480004549,2.86849748731,0.00750333769698,-0.00431913910971,0.0121085804996,-0.00198275872731,0.000352238833174,27.6487607765,-1.92299605131,6.41863103116
2013-09-13 15:28:45,58.07541866666667,-54.151582999999995,211.2,3.855,34.805,0.0143999997526,2.10480004549,2.86919726602,0.00751141637721,-0.00530792768023,0.0127466810386,-0.00198275872731,0.000352224634239,27.6496874418,-1.92349900599,6.41839607594
2013-09-13 15:28:45,58.07541866666667,-54.151582999999995,212.1,3.852,34.805,0.0143999997526,1.9294000417,2.86647456381,0.0076768536984,-0.00514612591414,0.0116530681456,-0.00198275872731,0.000417113587142,27.6500029175,0.374997483745,7.49213845994
2013-09-13 15:28:45,58.07541866666667,-54.151582999999995,213.2,3.851,34.805,0.00719999987632,1.9294000417,2.86581500227,0.00754021862846,-0.0049691120162,0.0115777881593,-0.00508620694986,0.000339239583785,27.6501158284,-2.38345546317,6.20352746722
2013-09-13 15:28:45,58.07541866666667,-54.151582999999995,213.5,3.851,34.805,0.00719999987632,1.9294000417,2.86581500227,0.00754021862846,-0.0049691120162,0.0115777881593,-0.00508620694986,0.000339239583785,27.6501187454,-2.38345546317,6.20352746722
2013-09-13 15:28:45,58.07541866666667,-54.151582999999995,214.6,3.851,34.806,0.0143999997526,1.57860003412,2.87882927754,0.00738777744503,-0.00519923008353,0.011420110806,-0.00198275872731,0.000352216284512,27.6509252612,-1.92379477,6.41825790981
2013-09-13 15:28:45,58.07541866666667,-54.151582999999995,215.8,3.86,34.806,-0.00719999987632,1.9294000417,2.87526201482,0.00760291621197,-0.00492873072074,0.0117529852185,-0.011293103395,0.000339251749337,27.6500165857,-2.383024535,6.20372877527
2013-09-13 15:28:45,58.07541866666667,-54.151582999999995,216.7,3.867,34.808,0.0143999997526,2.19250004739,2.88203056405,0.00797067178583,-0.00512095675053,0.0112900817386,-0.00198275872731,0.000339258717755,27.6509004263,-2.38277769967,6.20384408437
2013-09-13 15:28:45,58.07541866666667,-54.151582999999995,217.6,3.86,34.808,0.0143999997526,2.10480004549,2.8796376426,0.00777801282474,-0.00606161966755,0.0116604592716,-0.00198275872731,0.000339247676226,27.6516257174,-2.38316881271,6.20366137596
2013-09-13 15:28:45,58.07541866666667,-54.151582999999995,218.0,3.873,34.81,0.0143999997526,2.10480004549,2.8796376426,0.00777801282474,-0.00606161966755,0.0116604592716,-0.00198275872731,0.000339264105947,27.6518900228,-2.38258683916,6.20393324484
2013-09-13 15:28:45,58.07541866666667,-54.151582999999995,219.0,3.882,34.812,0.00719999987632,1.9294000417,2.87467484418,0.00799789342572,-0.00417752799136,0.0121709944519,-0.00508620694986,0.000469061594246,27.6525685142,2.21509979137,8.35174205186
2013-09-13 15:28:45,58.07541866666667,-54.151582999999995,219.5,3.882,34.812,0.00719999987632,1.9294000417,2.87467484418,0.00799789342572,-0.00417752799136,0.0121709944519,-0.00508620694986,0.000469061594246,27.6525734075,2.21509979137,8.35174205186
2013-09-13 15:28:45,58.07541866666667,-54.151582999999995,220.3,3.882,34.813,0.00719999987632,2.01710004359,2.88269012559,0.00767193624087,-0.00532313981208,0.0122011064465,-0.00508620694986,0.000300335970797,27.6533769774,-3.76149924241,5.55977446634
2013-09-13 15:28:45,58.07541866666667,-54.151582999999995,221.3,3.886,34.814,0.0143999997526,1.9294000417,2.87397506547,0.00766385756064,-0.00506536332321,0.0115630059074,-0.00198275872731,0.000352255187433,27.653772056,-1.92241675074,6.41890165136
2013-09-13 15:28:45,58.07541866666667,-54.151582999999995,221.7,3.886,34.814,0.0143999997526,1.9294000417,2.87397506547,0.00766385756064,-0.00506536332321,0.0115630059074,-0.00198275872731,0.000352255187433,27.6537759751,-1.92241675074,6.41890165136
2013-09-13 15:28:45,58.07541866666667,-54.151582999999995,222.6,3.887,34.814,0.0143999997526,2.28020004928,2.87585320718,0.00763347469805,-0.00543183740879,0.0123513926738,-0.00198275872731,0.000313320550369,27.6536821534,-3.30155946483,5.77463528318
2013-09-13 15:28:45,58.07541866666667,-54.151582999999995,223.6,3.91,34.817,0.0143999997526,1.8417000398,2.87309430951,0.00768809360133,-0.00506259748105,0.0120409653845,-0.00198275872731,0.00037824434203,27.6537149769,-1.00182891661,6.84895415747
2013-09-13 15:28:45,58.07541866666667,-54.151582999999995,224.5,3.915,34.819,0.0143999997526,2.01710004359,2.87346028574,0.00816965319231,-0.00540915750311,0.012306224682,-0.00198275872731,0.000352290662494,27.6548003694,-1.92116015315,6.41948867079
2013-09-13 15:28:45,58.07541866666667,-54.151582999999995,225.0,3.915,34.819,0.0143999997526,2.01710004359,2.87346028574,0.00816965319231,-0.00540915750311,0.012306224682,-0.00198275872731,0.000352290662494,27.6548052959,-1.92116015315,6.41948867079
2013-09-13 15:28:45,58.07541866666667,-54.151582999999995,225.9,3.918,34.819,0.0143999997526,1.75400003791,2.8783144978,0.00750649891968,-0.00610697947889,0.0122536655642,-0.00198275872731,0.000326337906058,27.6545051481,-2.84045869162,5.99003845899
2013-09-13 15:28:45,58.07541866666667,-54.151582999999995,226.6,3.927,34.821,0.0143999997526,2.28020004928,2.8783144978,0.00750649891968,-0.00610697947889,0.0122536655642,-0.00198275872731,0.000313369249608,27.6551756153,-3.29983444039,5.77544112816
2013-09-13 15:28:45,58.07541866666667,-54.151582999999995,227.3,3.933,34.822,0.0143999997526,2.28020004928,2.87453006238,0.00792237532794,-0.00490605081506,0.0123086883906,-0.00198275872731,0.000313376644993,27.6553591223,-3.29957248105,5.77556350244
2013-09-13 15:28:45,58.07541866666667,-54.151582999999995,228.2,3.934,34.822,0.0143999997526,1.9294000417,2.88177317418,0.00766877501817,-0.0064383273691,0.0130171414988,-0.00198275872731,0.000313378216391,27.6552648105,-3.29951681899,5.77558950496
2013-09-13 15:28:45,58.07541866666667,-54.151582999999995,228.7,3.934,34.822,0.0143999997526,1.9294000417,2.88177317418,0.00766877501817,-0.0064383273691,0.0130171414988,-0.00198275872731,0.000313378216391,27.6552697563,-3.29951681899,5.77558950496
2013-09-13 15:28:45,58.07541866666667,-54.151582999999995,229.6,3.931,34.822,0.00719999987632,1.9294000417,2.88611260651,0.00761731733759,-0.00588709502755,0.0121033793369,-0.00508620694986,0.00031337350193,27.655588253,-3.29968381462,5.77551149297
2013-09-13 15:28:45,58.07541866666667,-54.151582999999995,230.6,3.924,34.822,0.00719999987632,1.9294000417,2.88872270065,0.00777309536721,-0.00599330336631,0.0124888128671,-0.00508620694986,0.000352298710899,27.6563200985,-1.92087506255,6.41962185083
2013-09-13 15:28:45,58.07541866666667,-54.151582999999995,231.5,3.916,34.821,0.021599999629,2.28020004928,2.8889036779,0.00761889794894,-0.00525233425291,0.0122011064465,0.00112068949524,0.000326330690192,27.6563577014,-2.84071429202,5.9899190553
2013-09-13 15:28:45,58.07541866666667,-54.151582999999995,232.0,3.916,34.821,0.021599999629,2.28020004928,2.8889036779,0.00761889794894,-0.00525233425291,0.0122011064465,0.00112068949524,0.000326330690192,27.6563626346,-2.84071429202,5.9899190553
2013-09-13 15:28:45,58.07541866666667,-54.151582999999995,232.9,3.915,34.821,0.0143999997526,1.66630003601,2.88817172546,0.00727695902712,-0.0046430192261,0.0116681241429,-0.00198275872731,0.000391222804698,27.6564745026,-0.542105811991,7.06371375555
2013-09-13 15:28:45,58.07541866666667,-54.151582999999995,233.6,3.915,34.821,0.0143999997526,1.9294000417,2.88817172546,0.00727695902712,-0.0046430192261,0.0116681241429,-0.00198275872731,0.000339307854708,27.6564814095,-2.38103717052,6.20465717237
2013-09-13 15:28:45,58.07541866666667,-54.151582999999995,234.3,3.914,34.821,0.0143999997526,1.9294000417,2.88669977715,0.00806059100923,-0.00500202553785,0.0119782776868,-0.00198275872731,0.000339306281639,27.6565912903,-2.3810928918,6.20463114218
2013-09-13 15:28:45,58.07541866666667,-54.151582999999995,235.2,3.916,34.821,0.0143999997526,1.9294000417,2.89563603168,0.00832385061058,-0.00564176482837,0.0115252290415,-0.00198275872731,0.000313351952695,27.6563942161,-3.30044713165,5.7751549095
2013-09-13 15:28:45,58.07541866666667,-54.151582999999995,235.7,3.916,34.821,0.0143999997526,1.9294000417,2.89563603168,0.00832385061058,-0.00564176482837,0.0115252290415,-0.00198275872731,0.000313351952695,27.6563991522,-3.30044713165,5.7751549095
2013-09-13 15:28:45,58.07541866666667,-54.151582999999995,236.6,3.914,34.822,0.00719999987632,2.36790005118,2.87809330339,0.00775711363023,-0.00515635953012,0.0120535576732,-0.00508620694986,0.000300368034022,27.6574096513,-3.76036349887,5.56030502882
2013-09-13 15:28:45,58.07541866666667,-54.151582999999995,237.6,3.906,34.821,0.0143999997526,2.28020004928,2.89056062519,0.00764471460097,-0.00429645920404,0.0128069050277,-0.00198275872731,0.000326314956376,27.6574471721,-2.84127161526,5.98965870181
2013-09-13 15:28:45,58.07541866666667,-54.151582999999995,238.7,3.908,34.821,0.0,2.01710004359,2.89136899025,0.00775553301888,-0.00615759439034,0.0116180287338,-0.00818965517241,0.000287381891359,27.6572522647,-4.22035864427,5.34541834691
2013-09-13 15:28:45,58.07541866666667,-54.151582999999995,239.7,3.912,34.822,0.0143999997526,2.28020004928,2.88655097363,0.00807499213486,-0.00517406091991,0.0118331926221,-0.00198275872731,0.000274407412581,27.6576461566,-4.67994063154,5.13072467178
2013-09-13 15:28:45,58.07541866666667,-54.151582999999995,240.2,3.908,34.823,0.0143999997526,2.28020004928,2.88655097363,0.00807499213486,-0.00517406091991,0.0118331926221,-0.00198275872731,0.000274399083406,27.6588584232,-4.68023566761,5.13058684571
2013-09-13 15:28:45,58.07541866666667,-54.151582999999995,241.1,3.907,34.823,0.00719999987632,2.19250004739,2.88526402428,0.00788391378512,-0.00591751929126,0.0120710773791,-0.00508620694986,0.00033929119716,27.6589701879,-2.3816272142,6.20438153353
2013-09-13 15:28:45,58.07541866666667,-54.151582999999995,242.3,3.914,34.825,0.0143999997526,2.10480004549,2.8807436147,0.00738461622233,-0.00586690437981,0.0126842670863,-0.00198275872731,0.000287383191308,27.659852938,-4.2203125975,5.34543985765
2013-09-13 15:28:45,58.07541866666667,-54.151582999999995,242.6,3.914,34.825,0.0143999997526,2.10480004549,2.8807436147,0.00738461622233,-0.00586690437981,0.0126842670863,-0.00198275872731,0.000287383191308,27.6598559024,-4.2203125975,5.34543985765
2013-09-13 15:28:45,58.07541866666667,-54.151582999999995,243.6,3.912,34.825,0.0,1.9294000417,2.88482565716,0.00780523446463,-0.00567467835002,0.0121236364968,-0.00818965517241,0.000378231207226,27.6600716856,-1.00229417762,6.84873681084
2013-09-13 15:28:45,58.07541866666667,-54.151582999999995,244.5,3.911,34.825,0.00719999987632,2.01710004359,2.88328131794,0.0077521961727,-0.00540915750311,0.0118331926221,-0.00508620694986,0.000313335946325,27.6601835091,-3.30101410929,5.77489004596
2013-09-13 15:28:45,58.07541866666667,-54.151582999999995,245.0,3.911,34.825,0.00719999987632,2.01710004359,2.88328131794,0.0077521961727,-0.00540915750311,0.0118331926221,-0.00508620694986,0.000313335946325,27.6601884491,-3.30101410929,5.77489004596
2013-09-13 15:28:45,58.07541866666667,-54.151582999999995,245.9,3.911,34.825,0.0,1.9294000417,2.88493424351,0.00784369600746,-0.00495915498445,0.0122011064465,-0.00818965517241,0.000339293421319,27.6601973419,-2.38154843002,6.20441833755
2013-09-13 15:28:45,58.07541866666667,-54.151582999999995,246.6,3.911,34.825,0.00719999987632,1.9294000417,2.88493424351,0.00784369600746,-0.00495915498445,0.0122011064465,-0.00508620694986,0.000339293421319,27.6602042595,-2.38154843002,6.20441833755
2013-09-13 15:28:45,58.07541866666667,-54.151582999999995,247.4,3.91,34.826,0.00719999987632,1.9294000417,2.8948236449,0.00732191863882,-0.00488060506724,0.0125315171503,-0.00508620694986,0.000339289812717,27.6611107595,-2.38167625393,6.20435862463
2013-09-13 15:28:45,58.07541866666667,-54.151582999999995,248.3,3.91,34.826,0.0,1.9294000417,2.8822115413,0.00832068938788,-0.0051007661028,0.0127592733273,-0.00818965517241,0.00032631107522,27.6611196546,-2.84140909356,5.98959447883
2013-09-13 15:28:45,58.07541866666667,-54.151582999999995,249.4,3.913,34.827,0.0,1.9294000417,2.89044801712,0.00855356612662,-0.0049691120162,0.0124138066262,-0.00818965517241,0.00032631376051,27.6616174232,-2.84131397523,5.98963891335
2013-09-13 15:28:45,58.07541866666667,-54.151582999999995,255.0,3.917,34.828,0.0143999997526,2.36790005118,nan,nan,nan,nan,-0.00198275872731,0.000300360543174,27.662056774,-3.76062883969,5.56018107488
2013-09-13 15:28:45,58.07541866666667,-54.151582999999995,265.0,3.923,34.832,0.0143999997526,2.01710004359,nan,nan,nan,nan,-0.00198275872731,0.000287383103065,27.6647208759,-4.22031572325,5.34543839746
2013-09-13 15:28:45,58.07541866666667,-54.151582999999995,275.0,3.905,34.832,0.0143999997526,2.10480004549,nan,nan,nan,nan,-0.00198275872731,0.000365227208132,27.6666733919,-1.46292183354,6.63355465171
2013-09-13 15:28:45,58.07541866666667,-54.151582999999995,284.8,3.916,34.836,0.0143999997526,2.10480004549,nan,nan,nan,nan,-0.00198275872731,0.000365236379137,27.6688221954,-1.46259697821,6.63370640785
2013-09-13 15:28:45,58.07541866666667,-54.151582999999995,295.1,3.928,34.841,0.00719999987632,2.01710004359,nan,nan,nan,nan,-0.00508620694986,0.000287372654437,27.6716674618,-4.22068583453,5.34526550002
2013-09-13 15:28:45,58.07541866666667,-54.151582999999995,305.1,3.929,34.843,0.00719999987632,1.8417000398,nan,nan,nan,nan,-0.00508620694986,0.000326306370545,27.6732536905,-2.84157574256,5.98951662877
2013-09-13 15:28:45,58.07541866666667,-54.151582999999995,315.0,3.929,34.845,0.00719999987632,2.10480004549,nan,nan,nan,nan,-0.00508620694986,0.00028736608956,27.6749332803,-4.22091837561,5.34515686848
2013-09-13 15:28:45,58.07541866666667,-54.151582999999995,325.0,3.922,34.846,0.0143999997526,2.10480004549,nan,nan,nan,nan,-0.00198275872731,0.000326289259805,27.6765393998,-2.8421818392,5.98923349079
2013-09-13 15:28:45,58.07541866666667,-54.151582999999995,334.7,3.919,34.847,0.00719999987632,2.28020004928,nan,nan,nan,nan,-0.00508620694986,0.000274367556372,27.6777306031,-4.68135241818,5.1300651558
2013-09-13 15:28:45,58.07541866666667,-54.151582999999995,343.1,3.914,34.849,0.0143999997526,2.01710004359,nan,nan,nan,nan,-0.00198275872731,0.000261376883016,27.6799115899,-5.14150804981,4.91510350278
2013-09-13 15:28:45,58.07541866666667,-54.151582999999995,351.7,3.906,34.85,0.0143999997526,2.36790005118,nan,nan,nan,nan,-0.00198275872731,0.000261362256337,27.6816066868,-5.14202615603,4.91486146951
2013-09-13 15:28:45,58.07541866666667,-54.151582999999995,360.5,3.908,34.851,0.0,2.19250004739,nan,nan,nan,nan,-0.00818965517241,0.000274342107954,27.6822734795,-4.68225385205,5.12964405107
2013-09-13 15:28:45,58.07541866666667,-54.151582999999995,369.3,3.907,34.851,0.0143999997526,1.8417000398,nan,nan,nan,nan,-0.00198275872731,0.000248383058682,27.6824525484,-5.60177529538,4.7000897093
2013-09-13 15:28:45,58.07541866666667,-54.151582999999995,378.3,3.909,34.853,0.00719999987632,1.9294000417,nan,nan,nan,nan,-0.00508620694986,0.000274339613288,27.6839167284,-4.68234221812,5.12960277087
2013-09-13 15:28:45,58.07541866666667,-54.151582999999995,387.4,3.91,34.855,0.00719999987632,2.01710004359,nan,nan,nan,nan,-0.00508620694986,0.000287315856212,27.6854846701,-4.22269774127,5.344325638
2013-09-13 15:28:45,58.07541866666667,-54.151582999999995,396.8,3.899,34.854,0.0143999997526,2.28020004928,nan,nan,nan,nan,-0.00198275872731,0.000235385619928,27.6859002604,-6.06217057091,4.48501610665
2013-09-13 15:28:45,58.07541866666667,-54.151582999999995,406.5,3.895,34.855,0.00719999987632,2.28020004928,nan,nan,nan,nan,-0.00508620694986,0.000287292234195,27.6871902183,-4.22353448033,5.34393475544
2013-09-13 15:28:45,58.07541866666667,-54.151582999999995,416.5,3.894,34.856,0.00719999987632,2.10480004549,nan,nan,nan,nan,-0.00508620694986,0.000261331149058,27.6881732551,-5.14312803806,4.91434672544
2013-09-13 15:28:45,58.07541866666667,-54.151582999999995,426.7,3.887,34.856,0.00719999987632,2.19250004739,nan,nan,nan,nan,-0.00508620694986,0.000235362642833,27.6889770225,-6.06298446557,4.48463589585
2013-09-13 15:28:45,58.07541866666667,-54.151582999999995,437.0,3.888,34.857,0.00719999987632,2.28020004928,nan,nan,nan,nan,-0.00508620694986,0.000248340921769,27.6897578806,-5.60326786911,4.69939245365
2013-09-13 15:28:45,58.07541866666667,-54.151582999999995,447.5,3.883,34.858,0.0143999997526,1.8417000398,nan,nan,nan,nan,-0.00198275872731,0.000261309742699,27.6911548826,-5.14388629413,4.9139925062
2013-09-13 15:28:45,58.07541866666667,-54.151582999999995,458.2,3.871,34.857,0.0143999997526,2.28020004928,nan,nan,nan,nan,-0.00198275872731,0.000248314114633,27.6916771282,-5.60421743147,4.6989488657
2013-09-13 15:28:45,58.07541866666667,-54.151582999999995,469.1,3.859,34.856,0.00719999987632,2.28020004928,nan,nan,nan,nan,-0.00508620694986,0.000235318474217,27.6921990296,-6.06454900628,4.48390502083
2013-09-13 15:28:45,58.07541866666667,-54.151582999999995,480.1,3.85,34.857,0.00719999987632,2.10480004549,nan,nan,nan,nan,-0.00508620694986,0.000235302226848,27.6940060147,-6.0651245206,4.48363616938
2013-09-13 15:28:45,58.07541866666667,-54.151582999999995,491.4,3.86,34.86,0.0143999997526,2.01710004359,nan,nan,nan,nan,-0.00198275872731,0.000248290649464,27.6954706124,-5.60504861468,4.69856057855
2013-09-13 15:28:45,58.07541866666667,-54.151582999999995,502.8,3.834,34.857,0.0143999997526,2.10480004549,nan,nan,nan,nan,-0.00198275872731,0.000235276943068,27.6958274667,-6.06602012266,4.48321778897
2013-09-13 15:28:45,58.07541866666667,-54.151582999999995,514.5,3.832,34.858,0.0143999997526,1.75400003791,nan,nan,nan,nan,-0.00198275872731,0.000261229220197,27.6969216679,-5.14673856219,4.91266006949
2013-09-13 15:28:45,58.07541866666667,-54.151582999999995,525.2,3.829,34.858,-0.00719999987632,2.01710004359,nan,nan,nan,nan,-0.011293103395,0.000248245738852,27.6973123987,-5.6066394384,4.69781742542
2013-09-13 15:28:45,58.07541866666667,-54.151582999999995,535.1,3.832,34.859,0.00719999987632,2.10480004549,nan,nan,nan,nan,-0.00508620694986,0.000235269709442,27.6978833534,-6.06627635214,4.4830980914
2013-09-13 15:28:45,58.07541866666667,-54.151582999999995,545.0,3.822,34.858,0.0,1.9294000417,nan,nan,nan,nan,-0.00818965517241,0.000248234666747,27.6981822892,-5.60703163448,4.69763421107
2013-09-13 15:28:45,58.07541866666667,-54.151582999999995,554.8,3.809,34.857,0.0,1.9294000417,nan,nan,nan,nan,-0.00818965517241,0.000248216128889,27.6987828665,-5.60768828249,4.69732745802
2013-09-13 15:28:45,58.07541866666667,-54.151582999999995,564.9,3.804,34.857,0.0,1.75400003791,nan,nan,nan,nan,-0.00818965517241,0.00026118694935,27.6993703769,-5.14823588012,4.91196059758
2013-09-13 15:28:45,58.07541866666667,-54.151582999999995,575.1,3.793,34.857,0.00719999987632,1.9294000417,nan,nan,nan,nan,-0.00508620694986,0.000261169524004,27.7005649064,-5.14885312073,4.9116722537
2013-09-13 15:28:45,58.07541866666667,-54.151582999999995,584.7,3.785,34.856,0.00719999987632,1.8417000398,nan,nan,nan,nan,-0.00508620694986,0.000274137618459,27.7006540184,-4.68949727896,5.12626028498
2013-09-13 15:28:45,58.07541866666667,-54.151582999999995,592.9,3.784,34.856,0.0143999997526,2.19250004739,nan,nan,nan,nan,-0.00198275872731,0.000235199820612,27.700821007,-6.06875195428,4.48194161413
2013-09-13 15:28:45,58.07541866666667,-54.151582999999995,601.2,3.781,34.857,0.0143999997526,2.28020004928,nan,nan,nan,nan,-0.00198275872731,0.000364980402176,27.7019867855,-1.47166419412,6.62947065892
2013-09-13 15:28:45,58.07541866666667,-54.151582999999995,609.7,3.779,34.856,0.0143999997526,1.9294000417,nan,nan,nan,nan,-0.00198275872731,0.000248170629995,27.7014604638,-5.60929994432,4.69657457037
2013-09-13 15:28:45,58.07541866666667,-54.151582999999995,618.4,3.766,34.855,0.00719999987632,1.9294000417,nan,nan,nan,nan,-0.00508620694986,0.000300066993549,27.7020430233,-3.77102695449,5.55532359669
2013-09-13 15:28:45,58.07541866666667,-54.151582999999995,627.1,3.76,34.855,0.0,1.8417000398,nan,nan,nan,nan,-0.00818965517241,0.00019622757002,27.7027158059,-7.44922701476,3.83705284048
2013-09-13 15:28:45,58.07541866666667,-54.151582999999995,636.0,3.752,34.854,-0.00719999987632,2.01710004359,nan,nan,nan,nan,-0.011293103395,0.00019621690437,27.7027943593,-7.44960481342,3.83687635188
2013-09-13 15:28:45,58.07541866666667,-54.151582999999995,645.1,3.742,34.853,0.0143999997526,2.36790005118,nan,nan,nan,nan,-0.00198275872731,0.000209181792808,27.7030742248,-6.99036253517,4.05141133198
2013-09-13 15:28:45,58.07541866666667,-54.151582999999995,655.2,3.729,34.851,0.0143999997526,2.10480004549,nan,nan,nan,nan,-0.00198275872731,0.000209165202842,27.7028647431,-6.99095018493,4.05113681146
2013-09-13 15:28:45,58.07541866666667,-54.151582999999995,665.0,3.727,34.851,-0.00719999987632,1.75400003791,nan,nan,nan,nan,-0.011293103395,0.000209162022214,27.7031427873,-6.99106284913,4.05108418039
2013-09-13 15:28:45,58.07541866666667,-54.151582999999995,674.8,3.715,34.85,0.00719999987632,2.10480004549,nan,nan,nan,nan,-0.00508620694986,0.000261059919171,27.7036244808,-5.15273554314,4.90985858049
2013-09-13 15:28:45,58.07541866666667,-54.151582999999995,685.0,3.708,34.85,0.00719999987632,1.66630003601,nan,nan,nan,nan,-0.00508620694986,0.000261048776761,27.70440468,-5.15313022956,4.90967420277
2013-09-13 15:28:45,58.07541866666667,-54.151582999999995,695.0,3.704,34.85,0.0,1.8417000398,nan,nan,nan,nan,-0.00818965517241,0.000222106195206,27.7048833531,-6.53255435341,4.26527637406
2013-09-13 15:28:45,58.07541866666667,-54.151582999999995,704.9,3.705,34.85,0.0,2.10480004549,nan,nan,nan,nan,-0.00818965517241,0.000235086525104,27.7048623596,-6.07276510778,4.48006686991
2013-09-13 15:28:45,58.07541866666667,-54.151582999999995,715.0,3.702,34.85,0.0,2.28020004928,nan,nan,nan,nan,-0.00818965517241,0.000209124272639,27.7052423884,-6.99240001457,4.0504595237
2013-09-13 15:28:45,58.07541866666667,-54.151582999999995,724.9,3.697,34.85,0.00719999987632,2.10480004549,nan,nan,nan,nan,-0.00508620694986,0.000183158833402,27.7058201331,-7.91214780324,3.62079944473
2013-09-13 15:28:45,58.07541866666667,-54.151582999999995,734.8,3.694,34.85,0.00719999987632,1.9294000417,nan,nan,nan,nan,-0.00508620694986,0.000170175316283,27.706198406,-8.37204994662,3.40595620871
2013-09-13 15:28:45,58.07541866666667,-54.151582999999995,745.0,3.692,34.85,0.0143999997526,1.8417000398,nan,nan,nan,nan,-0.00198275872731,0.000507619304352,27.7064794853,3.58089099875,8.98977126513
2013-09-13 15:28:45,58.07541866666667,-54.151582999999995,754.8,3.686,34.85,0.0,1.66630003601,nan,nan,nan,nan,-0.00818965517241,0.000273992466658,27.707155303,-4.69463884603,5.12385840249
2013-09-13 15:28:45,58.07541866666667,-54.151582999999995,764.9,3.687,34.85,0.0,2.10480004549,nan,nan,nan,nan,-0.00818965517241,0.000209100373186,27.7071371725,-6.99324658101,4.05006405028
2013-09-13 15:28:45,58.07541866666667,-54.151582999999995,775.0,3.683,34.85,0.00719999987632,1.75400003791,nan,nan,nan,nan,-0.00508620694986,0.000222072734088,27.7076162979,-6.53373961315,4.2647226801
2013-09-13 15:28:45,58.07541866666667,-54.151582999999995,785.2,3.681,34.85,0.0,2.01710004359,nan,nan,nan,nan,-0.00818965517241,0.000235048282749,27.7078973816,-6.07411972847,4.479434059
2013-09-13 15:28:45,58.07541866666667,-54.151582999999995,795.1,3.677,34.85,0.00719999987632,1.9294000417,nan,nan,nan,nan,-0.00508620694986,0.000196105691508,27.7083746594,-7.4535441954,3.83503607002
2013-09-13 15:28:45,58.07541866666667,-54.151582999999995,804.9,3.681,34.851,0.00719999987632,2.10480004549,nan,nan,nan,nan,-0.00508620694986,0.000157173818837,27.7088533382,-8.83258898914,3.19081544532
2013-09-13 15:28:45,58.07541866666667,-54.151582999999995,815.8,3.686,34.851,0.00719999987632,2.19250004739,nan,nan,nan,nan,-0.00508620694986,0.000209096740342,27.7084461712,-6.99337526359,4.05000393623
2013-09-13 15:28:45,58.07541866666667,-54.151582999999995,826.8,3.681,34.851,0.0143999997526,2.01710004359,nan,nan,nan,nan,-0.00198275872731,0.000196110031329,27.7090336702,-7.45339047025,3.83510788271
2013-09-13 15:28:45,58.07541866666667,-54.151582999999995,838.0,3.674,34.851,0.00719999987632,2.01710004359,nan,nan,nan,nan,-0.00508620694986,0.000183120129942,27.7098208901,-7.91351875719,3.62015900374
2013-09-13 15:28:45,58.07541866666667,-54.151582999999995,849.4,3.68,34.852,0.0,2.19250004739,nan,nan,nan,nan,-0.00818965517241,0.000196106397836,27.7101166722,-7.45351917584,3.8350477579
2013-09-13 15:28:45,58.07541866666667,-54.151582999999995,860.9,3.663,34.85,-0.00719999987632,2.01710004359,nan,nan,nan,nan,-0.011293103395,0.000183104617083,27.7103039085,-7.91406825367,3.61990230652
2013-09-13 15:28:45,58.07541866666667,-54.151582999999995,872.5,3.656,34.849,-0.00719999987632,2.01710004359,nan,nan,nan,nan,-0.011293103395,0.000235010431457,27.7102961106,-6.07546049692,4.47880771917
2013-09-13 15:28:45,58.07541866666667,-54.151582999999995,884.3,3.65,34.849,0.0,2.01710004359,nan,nan,nan,nan,-0.00818965517241,0.000209043374456,27.7109870914,-6.99526559003,4.04912087044
2013-09-13 15:28:45,58.07541866666667,-54.151582999999995,895.1,3.653,34.849,-0.00719999987632,2.10480004549,nan,nan,nan,nan,-0.011293103395,0.000183090690868,27.7107803637,-7.91456154806,3.6196718641
2013-09-13 15:28:45,58.07541866666667,-54.151582999999995,905.3,3.65,34.849,-0.00719999987632,2.10480004549,nan,nan,nan,nan,-0.011293103395,0.000183085899461,27.7111616428,-7.91473126929,3.61959257885
2013-09-13 15:28:45,58.07541866666667,-54.151582999999995,915.3,3.643,34.848,0.00719999987632,2.19250004739,nan,nan,nan,nan,-0.00508620694986,0.000196055493591,27.7111393077,-7.45532230601,3.83420542584
2013-09-13 15:28:45,58.07541866666667,-54.151582999999995,925.1,3.65,34.85,0.00719999987632,2.19250004739,nan,nan,nan,nan,-0.00508620694986,0.000196062597395,27.7121234416,-7.45507067507,3.83432297521
2013-09-13 15:28:45,58.07541866666667,-54.151582999999995,934.9,3.655,34.851,0.0,2.01710004359,nan,nan,nan,nan,-0.00818965517241,0.000144153593296,27.7125082661,-9.29379141828,2.97536478095
2013-09-13 15:28:45,58.07541866666667,-54.151582999999995,955.0,3.65,34.851,0.0,1.8417000398,nan,nan,nan,nan,-0.00818965517241,0.000183081820361,27.7131705617,-7.91487575918,3.61952508041
2013-09-13 15:28:45,58.07541866666667,-54.151582999999995,964.9,3.651,34.851,-0.00719999987632,1.9294000417,nan,nan,nan,nan,-0.011293103395,0.000183083417626,27.7131550924,-7.91481918086,3.61955151097
2013-09-13 15:28:45,58.07541866666667,-54.151582999999995,974.7,3.65,34.851,-0.00719999987632,1.9294000417,nan,nan,nan,nan,-0.011293103395,0.000183081820361,27.7133362801,-7.91487575918,3.61952508041
2013-09-13 15:28:45,58.07541866666667,-54.151582999999995,982.5,3.65,34.852,0.0143999997526,1.9294000417,nan,nan,nan,nan,-0.00198275872731,0.00018307978085,27.714198716,-7.91494800274,3.61949133184
